Year,City,Sport,Discipline,Athlete,Gender,Event,Medal,Country,Code,Population,GDP per Capita,Season,Agility,Analytical Aptitude,Durability,Endurance,Flexibility,Hand-Eye Coordination,Nerve,Power,Rank,Speed,Strength,Total
"1896-01-01,Athens,Aquatics,Swimming,""HAJOS, Alfred"",Men,100M Freestyle,Gold,Hungary,HUN,9844686.0,12363.543459653898,summer,3.63,3.0,4.63,9.25,5.5,2.88,2.63,4.63,36.0,5.5,5.25,46.875"
"1896-01-01,Athens,Aquatics,Swimming,""HAJOS, Alfred"",Men,100M Freestyle,Gold,Hungary,HUN,9844686.0,12363.543459653898,summer,3.63,3.0,3.25,4.13,5.5,2.75,2.5,6.25,45.0,7.88,5.25,44.125"
"1896-01-01,Athens,Aquatics,Swimming,""HERSCHMANN, Otto"",Men,100M Freestyle,Silver,Austria,AUT,8611088.0,43774.985173612,summer,3.63,3.0,4.63,9.25,5.5,2.88,2.63,4.63,36.0,5.5,5.25,46.875"
"1896-01-01,Athens,Aquatics,Swimming,""HERSCHMANN, Otto"",Men,100M Freestyle,Silver,Austria,AUT,8611088.0,43774.985173612,summer,3.63,3.0,3.25,4.13,5.5,2.75,2.5,6.25,45.0,7.88,5.25,44.125"
"1896-01-01,Athens,Aquatics,Swimming,""DRIVAS, Dimitrios"",Men,100M Freestyle For Sailors,Bronze,Greece,GRE,10823732.0,18002.230577668797,summer,3.63,3.0,4.63,9.25,5.5,2.88,2.63,4.63,36.0,5.5,5.25,46.875"
"1896-01-01,Athens,Aquatics,Swimming,""DRIVAS, Dimitrios"",Men,100M Freestyle For Sailors,Bronze,Greece,GRE,10823732.0,18002.230577668797,summer,3.63,3.0,3.25,4.13,5.5,2.75,2.5,6.25,45.0,7.88,5.25,44.125"
"1896-01-01,Athens,Aquatics,Swimming,""MALOKINIS, Ioannis"",Men,100M Freestyle For Sailors,Gold,Greece,GRE,10823732.0,18002.230577668797,summer,3.63,3.0,4.63,9.25,5.5,2.88,2.63,4.63,36.0,5.5,5.25,46.875"
"1896-01-01,Athens,Aquatics,Swimming,""MALOKINIS, Ioannis"",Men,100M Freestyle For Sailors,Gold,Greece,GRE,10823732.0,18002.230577668797,summer,3.63,3.0,3.25,4.13,5.5,2.75,2.5,6.25,45.0,7.88,5.25,44.125"
"1896-01-01,Athens,Aquatics,Swimming,""CHASAPIS, Spiridon"",Men,100M Freestyle For Sailors,Silver,Greece,GRE,10823732.0,18002.230577668797,summer,3.63,3.0,4.63,9.25,5.5,2.88,2.63,4.63,36.0,5.5,5.25,46.875"
"1896-01-01,Athens,Aquatics,Swimming,""CHASAPIS, Spiridon"",Men,100M Freestyle For Sailors,Silver,Greece,GRE,10823732.0,18002.230577668797,summer,3.63,3.0,3.25,4.13,5.5,2.75,2.5,6.25,45.0,7.88,5.25,44.125"
"1896-01-01,Athens,Aquatics,Swimming,""CHOROPHAS, Efstathios"",Men,1200M Freestyle,Bronze,Greece,GRE,10823732.0,18002.230577668797,summer,3.63,3.0,4.63,9.25,5.5,2.88,2.63,4.63,36.0,5.5,5.25,46.875"
"1896-01-01,Athens,Aquatics,Swimming,""CHOROPHAS, Efstathios"",Men,1200M Freestyle,Bronze,Greece,GRE,10823732.0,18002.230577668797,summer,3.63,3.0,3.25,4.13,5.5,2.75,2.5,6.25,45.0,7.88,5.25,44.125"
"1896-01-01,Athens,Aquatics,Swimming,""HAJOS, Alfred"",Men,1200M Freestyle,Gold,Hungary,HUN,9844686.0,12363.543459653898,summer,3.63,3.0,4.63,9.25,5.5,2.88,2.63,4.63,36.0,5.5,5.25,46.875"
"1896-01-01,Athens,Aquatics,Swimming,""HAJOS, Alfred"",Men,1200M Freestyle,Gold,Hungary,HUN,9844686.0,12363.543459653898,summer,3.63,3.0,3.25,4.13,5.5,2.75,2.5,6.25,45.0,7.88,5.25,44.125"
"1896-01-01,Athens,Aquatics,Swimming,""ANDREOU, Joannis"",Men,1200M Freestyle,Silver,Greece,GRE,10823732.0,18002.230577668797,summer,3.63,3.0,4.63,9.25,5.5,2.88,2.63,4.63,36.0,5.5,5.25,46.875"
"1896-01-01,Athens,Aquatics,Swimming,""ANDREOU, Joannis"",Men,1200M Freestyle,Silver,Greece,GRE,10823732.0,18002.230577668797,summer,3.63,3.0,3.25,4.13,5.5,2.75,2.5,6.25,45.0,7.88,5.25,44.125"
"1896-01-01,Athens,Aquatics,Swimming,""CHOROPHAS, Efstathios"",Men,400M Freestyle,Bronze,Greece,GRE,10823732.0,18002.230577668797,summer,3.63,3.0,4.63,9.25,5.5,2.88,2.63,4.63,36.0,5.5,5.25,46.875"
"1896-01-01,Athens,Aquatics,Swimming,""CHOROPHAS, Efstathios"",Men,400M Freestyle,Bronze,Greece,GRE,10823732.0,18002.230577668797,summer,3.63,3.0,3.25,4.13,5.5,2.75,2.5,6.25,45.0,7.88,5.25,44.125"
"1896-01-01,Athens,Aquatics,Swimming,""NEUMANN, Paul"",Men,400M Freestyle,Gold,Austria,AUT,8611088.0,43774.985173612,summer,3.63,3.0,4.63,9.25,5.5,2.88,2.63,4.63,36.0,5.5,5.25,46.875"
"1896-01-01,Athens,Aquatics,Swimming,""NEUMANN, Paul"",Men,400M Freestyle,Gold,Austria,AUT,8611088.0,43774.985173612,summer,3.63,3.0,3.25,4.13,5.5,2.75,2.5,6.25,45.0,7.88,5.25,44.125"
"1896-01-01,Athens,Aquatics,Swimming,""PEPANOS, Antonios"",Men,400M Freestyle,Silver,Greece,GRE,10823732.0,18002.230577668797,summer,3.63,3.0,4.63,9.25,5.5,2.88,2.63,4.63,36.0,5.5,5.25,46.875"
"1896-01-01,Athens,Aquatics,Swimming,""PEPANOS, Antonios"",Men,400M Freestyle,Silver,Greece,GRE,10823732.0,18002.230577668797,summer,3.63,3.0,3.25,4.13,5.5,2.75,2.5,6.25,45.0,7.88,5.25,44.125"
"1896-01-01,Athens,Cycling,Cycling Road,""BATTEL, Edward"",Men,Individual Road Race,Bronze,United Kingdom,GBR,65138232.0,43875.9696143686,summer,3.75,4.88,6.88,9.6300000000000008,2.63,3.0,5.88,6.25,20.0,5.13,6.38,54.375"
"1896-01-01,Athens,Cycling,Cycling Road,""KONSTANTINIDIS, Aristidis"",Men,Individual Road Race,Gold,Greece,GRE,10823732.0,18002.230577668797,summer,3.75,4.88,6.88,9.6300000000000008,2.63,3.0,5.88,6.25,20.0,5.13,6.38,54.375"
"1896-01-01,Athens,Cycling,Cycling Road,""GOEDRICH, August"",Men,Individual Road Race,Silver,Germany,GER,81413145.0,41313.3139945434,summer,3.75,4.88,6.88,9.6300000000000008,2.63,3.0,5.88,6.25,20.0,5.13,6.38,54.375"
"1896-01-01,Athens,Cycling,Cycling Track,""FLAMENG, Léon"",Men,100KM,Gold,France,FRA,66808385.0,36205.5681017036,summer,4.0,4.5,4.5,4.25,2.88,3.63,4.75,7.88,27.0,7.5,6.13,50.0"
"1896-01-01,Athens,Cycling,Cycling Track,""KOLETTIS, Georgios"",Men,100KM,Silver,Greece,GRE,10823732.0,18002.230577668797,summer,4.0,4.5,4.5,4.25,2.88,3.63,4.75,7.88,27.0,7.5,6.13,50.0"
"1896-01-01,Athens,Cycling,Cycling Track,""SCHMAL, Adolf"",Men,10KM,Bronze,Austria,AUT,8611088.0,43774.985173612,summer,4.0,4.5,4.5,4.25,2.88,3.63,4.75,7.88,27.0,7.5,6.13,50.0"
"1896-01-01,Athens,Cycling,Cycling Track,""MASSON, Paul"",Men,10KM,Gold,France,FRA,66808385.0,36205.5681017036,summer,4.0,4.5,4.5,4.25,2.88,3.63,4.75,7.88,27.0,7.5,6.13,50.0"
"1896-01-01,Athens,Cycling,Cycling Track,""FLAMENG, Léon"",Men,10KM,Silver,France,FRA,66808385.0,36205.5681017036,summer,4.0,4.5,4.5,4.25,2.88,3.63,4.75,7.88,27.0,7.5,6.13,50.0"
"1896-01-01,Athens,Cycling,Cycling Track,""SCHMAL, Adolf"",Men,12-Hour Race,Gold,Austria,AUT,8611088.0,43774.985173612,summer,4.0,4.5,4.5,4.25,2.88,3.63,4.75,7.88,27.0,7.5,6.13,50.0"
"1896-01-01,Athens,Cycling,Cycling Track,""KEEPING, Frank"",Men,12-Hour Race,Silver,United Kingdom,GBR,65138232.0,43875.9696143686,summer,4.0,4.5,4.5,4.25,2.88,3.63,4.75,7.88,27.0,7.5,6.13,50.0"
"1896-01-01,Athens,Cycling,Cycling Track,""SCHMAL, Adolf"",Men,1KM Time Trial,Bronze,Austria,AUT,8611088.0,43774.985173612,summer,4.0,4.5,4.5,4.25,2.88,3.63,4.75,7.88,27.0,7.5,6.13,50.0"
"1896-01-01,Athens,Cycling,Cycling Track,""MASSON, Paul"",Men,1KM Time Trial,Gold,France,FRA,66808385.0,36205.5681017036,summer,4.0,4.5,4.5,4.25,2.88,3.63,4.75,7.88,27.0,7.5,6.13,50.0"
"1896-01-01,Athens,Cycling,Cycling Track,""NIKOLOPOULOS, Stamatios"",Men,1KM Time Trial,Silver,Greece,GRE,10823732.0,18002.230577668797,summer,4.0,4.5,4.5,4.25,2.88,3.63,4.75,7.88,27.0,7.5,6.13,50.0"
"1896-01-01,Athens,Cycling,Cycling Track,""FLAMENG, Léon"",Men,Sprint Indivual,Bronze,France,FRA,66808385.0,36205.5681017036,summer,4.0,4.5,4.5,4.25,2.88,3.63,4.75,7.88,27.0,7.5,6.13,50.0"
"1896-01-01,Athens,Cycling,Cycling Track,""MASSON, Paul"",Men,Sprint Indivual,Gold,France,FRA,66808385.0,36205.5681017036,summer,4.0,4.5,4.5,4.25,2.88,3.63,4.75,7.88,27.0,7.5,6.13,50.0"
"1896-01-01,Athens,Cycling,Cycling Track,""NIKOLOPOULOS, Stamatios"",Men,Sprint Indivual,Silver,Greece,GRE,10823732.0,18002.230577668797,summer,4.0,4.5,4.5,4.25,2.88,3.63,4.75,7.88,27.0,7.5,6.13,50.0"
"1896-01-01,Athens,Fencing,Fencing,""PIERRAKOS-MAVROMICHALIS, Perikles"",Men,Foil Individual,Bronze,Greece,GRE,10823732.0,18002.230577668797,summer,6.13,6.88,4.25,4.63,5.63,7.25,4.88,4.25,24.0,5.13,3.75,52.75"
"1896-01-01,Athens,Fencing,Fencing,""GRAVELOTTE, Eugène-Henri"",Men,Foil Individual,Gold,France,FRA,66808385.0,36205.5681017036,summer,6.13,6.88,4.25,4.63,5.63,7.25,4.88,4.25,24.0,5.13,3.75,52.75"
"1896-01-01,Athens,Fencing,Fencing,""CALLOT, Henri"",Men,Foil Individual,Silver,France,FRA,66808385.0,36205.5681017036,summer,6.13,6.88,4.25,4.63,5.63,7.25,4.88,4.25,24.0,5.13,3.75,52.75"
"1896-01-01,Athens,Fencing,Fencing,""PYRGOS, Leonidas"",Men,""Foil, Masters"",Gold,Greece,GRE,10823732.0,18002.230577668797,summer,6.13,6.88,4.25,4.63,5.63,7.25,4.88,4.25,24.0,5.13,3.75,52.75"
"1896-01-01,Athens,Fencing,Fencing,""PERRONNET, Maurice"",Men,""Foil, Masters"",Silver,France,FRA,66808385.0,36205.5681017036,summer,6.13,6.88,4.25,4.63,5.63,7.25,4.88,4.25,24.0,5.13,3.75,52.75"
"1896-01-01,Athens,Fencing,Fencing,""NIELSEN, Holger"",Men,Sabre Individual,Bronze,Denmark,DEN,5676002.0,51989.2934712354,summer,6.13,6.88,4.25,4.63,5.63,7.25,4.88,4.25,24.0,5.13,3.75,52.75"
"1896-01-01,Athens,Fencing,Fencing,""GEORGIADIS, Ioannis"",Men,Sabre Individual,Gold,Greece,GRE,10823732.0,18002.230577668797,summer,6.13,6.88,4.25,4.63,5.63,7.25,4.88,4.25,24.0,5.13,3.75,52.75"
"1896-01-01,Athens,Fencing,Fencing,""KARAKALOS, Telemachos"",Men,Sabre Individual,Silver,Greece,GRE,10823732.0,18002.230577668797,summer,6.13,6.88,4.25,4.63,5.63,7.25,4.88,4.25,24.0,5.13,3.75,52.75"
"1896-01-01,Athens,Shooting,Shooting,""MORAKIS, Nikolaos"",Men,25M Army Pistol,Bronze,Greece,GRE,10823732.0,18002.230577668797,summer,1.13,4.0,1.88,2.25,1.75,6.75,2.38,1.38,58.0,0.88,2.5,24.875"
"1896-01-01,Athens,Shooting,Shooting,""PAINE, John"",Men,25M Army Pistol,Gold,United States,USA,321418820.0,56115.7184261955,summer,1.13,4.0,1.88,2.25,1.75,6.75,2.38,1.38,58.0,0.88,2.5,24.875"
"1896-01-01,Athens,Shooting,Shooting,""PAINE, Sumner"",Men,25M Army Pistol,Silver,United States,USA,321418820.0,56115.7184261955,summer,1.13,4.0,1.88,2.25,1.75,6.75,2.38,1.38,58.0,0.88,2.5,24.875"
"1896-01-01,Athens,Shooting,Shooting,""NIELSEN, Holger"",Men,25M Rapid Fire Pistol (60 Shots),Bronze,Denmark,DEN,5676002.0,51989.2934712354,summer,1.13,4.0,1.88,2.25,1.75,6.75,2.38,1.38,58.0,0.88,2.5,24.875"
"1896-01-01,Athens,Shooting,Shooting,""PHRANGOUDIS, Joannis"",Men,25M Rapid Fire Pistol (60 Shots),Gold,Greece,GRE,10823732.0,18002.230577668797,summer,1.13,4.0,1.88,2.25,1.75,6.75,2.38,1.38,58.0,0.88,2.5,24.875"
"1896-01-01,Athens,Shooting,Shooting,""ORPHANIDIS, Georgios"",Men,25M Rapid Fire Pistol (60 Shots),Silver,Greece,GRE,10823732.0,18002.230577668797,summer,1.13,4.0,1.88,2.25,1.75,6.75,2.38,1.38,58.0,0.88,2.5,24.875"
"1896-01-01,Athens,Shooting,Shooting,""PHRANGOUDIS, Joannis"",Men,50M Pistol (60 Shots),Bronze,Greece,GRE,10823732.0,18002.230577668797,summer,1.13,4.0,1.88,2.25,1.75,6.75,2.38,1.38,58.0,0.88,2.5,24.875"
"1896-01-01,Athens,Shooting,Shooting,""PAINE, Sumner"",Men,50M Pistol (60 Shots),Gold,United States,USA,321418820.0,56115.7184261955,summer,1.13,4.0,1.88,2.25,1.75,6.75,2.38,1.38,58.0,0.88,2.5,24.875"
"1896-01-01,Athens,Shooting,Shooting,""NIELSEN, Holger"",Men,50M Pistol (60 Shots),Silver,Denmark,DEN,5676002.0,51989.2934712354,summer,1.13,4.0,1.88,2.25,1.75,6.75,2.38,1.38,58.0,0.88,2.5,24.875"
"1896-01-01,Athens,Shooting,Shooting,""TRIKUPIS, Nicolaos"",Men,""Army Rifle, 200M"",Bronze,Greece,GRE,10823732.0,18002.230577668797,summer,1.13,4.0,1.88,2.25,1.75,6.75,2.38,1.38,58.0,0.88,2.5,24.875"
"1896-01-01,Athens,Shooting,Shooting,""KARASEVDAS, Pantelis"",Men,""Army Rifle, 200M"",Gold,Greece,GRE,10823732.0,18002.230577668797,summer,1.13,4.0,1.88,2.25,1.75,6.75,2.38,1.38,58.0,0.88,2.5,24.875"
"1896-01-01,Athens,Shooting,Shooting,""PAVLIDIS, Pavlos"",Men,""Army Rifle, 200M"",Silver,Greece,GRE,10823732.0,18002.230577668797,summer,1.13,4.0,1.88,2.25,1.75,6.75,2.38,1.38,58.0,0.88,2.5,24.875"
"1896-01-01,Athens,Shooting,Shooting,""JENSEN, Viggo"",Men,""Army Rifle, 300M"",Bronze,Denmark,DEN,5676002.0,51989.2934712354,summer,1.13,4.0,1.88,2.25,1.75,6.75,2.38,1.38,58.0,0.88,2.5,24.875"
"1896-01-01,Athens,Shooting,Shooting,""ORPHANIDIS, Georgios"",Men,""Army Rifle, 300M"",Gold,Greece,GRE,10823732.0,18002.230577668797,summer,1.13,4.0,1.88,2.25,1.75,6.75,2.38,1.38,58.0,0.88,2.5,24.875"
"1896-01-01,Athens,Shooting,Shooting,""PHRANGOUDIS, Joannis"",Men,""Army Rifle, 300M"",Silver,Greece,GRE,10823732.0,18002.230577668797,summer,1.13,4.0,1.88,2.25,1.75,6.75,2.38,1.38,58.0,0.88,2.5,24.875"
"1896-01-01,Athens,Tennis,Tennis,""PASPATIS, Konstantinos"",Men,Singles,Bronze,Greece,GRE,10823732.0,18002.230577668797,summer,7.75,6.75,5.0,7.25,5.63,8.38,3.0,7.13,7.0,6.75,5.13,62.75"
"1896-01-01,Athens,Tennis,Tennis,""TAPAVICZA, Momcsillo"",Men,Singles,Bronze,Hungary,HUN,9844686.0,12363.543459653898,summer,7.75,6.75,5.0,7.25,5.63,8.38,3.0,7.13,7.0,6.75,5.13,62.75"
"1896-01-01,Athens,Tennis,Tennis,""BOLAND, John"",Men,Singles,Gold,United Kingdom,GBR,65138232.0,43875.9696143686,summer,7.75,6.75,5.0,7.25,5.63,8.38,3.0,7.13,7.0,6.75,5.13,62.75"
"1896-01-01,Athens,Tennis,Tennis,""KASDAGLIS, Dionysios"",Men,Singles,Silver,Greece,GRE,10823732.0,18002.230577668797,summer,7.75,6.75,5.0,7.25,5.63,8.38,3.0,7.13,7.0,6.75,5.13,62.75"
"1900-01-01,Paris,Aquatics,Swimming,""HALMAY, Zoltan"",Men,1500M Freestyle,Bronze,Hungary,HUN,9844686.0,12363.543459653898,summer,3.63,3.0,4.63,9.25,5.5,2.88,2.63,4.63,36.0,5.5,5.25,46.875"
"1900-01-01,Paris,Aquatics,Swimming,""HALMAY, Zoltan"",Men,1500M Freestyle,Bronze,Hungary,HUN,9844686.0,12363.543459653898,summer,3.63,3.0,3.25,4.13,5.5,2.75,2.5,6.25,45.0,7.88,5.25,44.125"
"1900-01-01,Paris,Aquatics,Swimming,""JARVIS, John Arthur"",Men,1500M Freestyle,Gold,United Kingdom,GBR,65138232.0,43875.9696143686,summer,3.63,3.0,4.63,9.25,5.5,2.88,2.63,4.63,36.0,5.5,5.25,46.875"
"1900-01-01,Paris,Aquatics,Swimming,""JARVIS, John Arthur"",Men,1500M Freestyle,Gold,United Kingdom,GBR,65138232.0,43875.9696143686,summer,3.63,3.0,3.25,4.13,5.5,2.75,2.5,6.25,45.0,7.88,5.25,44.125"
"1900-01-01,Paris,Aquatics,Swimming,""WAHLE, Otto"",Men,1500M Freestyle,Silver,Austria,AUT,8611088.0,43774.985173612,summer,3.63,3.0,4.63,9.25,5.5,2.88,2.63,4.63,36.0,5.5,5.25,46.875"
"1900-01-01,Paris,Aquatics,Swimming,""WAHLE, Otto"",Men,1500M Freestyle,Silver,Austria,AUT,8611088.0,43774.985173612,summer,3.63,3.0,3.25,4.13,5.5,2.75,2.5,6.25,45.0,7.88,5.25,44.125"
"1900-01-01,Paris,Aquatics,Swimming,""DROST, Johannes"",Men,200M Backstroke,Bronze,Netherlands,NED,16936520.0,44299.768085382995,summer,3.63,3.0,4.63,9.25,5.5,2.88,2.63,4.63,36.0,5.5,5.25,46.875"
"1900-01-01,Paris,Aquatics,Swimming,""DROST, Johannes"",Men,200M Backstroke,Bronze,Netherlands,NED,16936520.0,44299.768085382995,summer,3.63,3.0,3.25,4.13,5.5,2.75,2.5,6.25,45.0,7.88,5.25,44.125"
"1900-01-01,Paris,Aquatics,Swimming,""HOPPENBERG, Ernst"",Men,200M Backstroke,Gold,Germany,GER,81413145.0,41313.3139945434,summer,3.63,3.0,4.63,9.25,5.5,2.88,2.63,4.63,36.0,5.5,5.25,46.875"
"1900-01-01,Paris,Aquatics,Swimming,""HOPPENBERG, Ernst"",Men,200M Backstroke,Gold,Germany,GER,81413145.0,41313.3139945434,summer,3.63,3.0,3.25,4.13,5.5,2.75,2.5,6.25,45.0,7.88,5.25,44.125"
"1900-01-01,Paris,Aquatics,Swimming,""RUBERL, Karl"",Men,200M Backstroke,Silver,Austria,AUT,8611088.0,43774.985173612,summer,3.63,3.0,4.63,9.25,5.5,2.88,2.63,4.63,36.0,5.5,5.25,46.875"
"1900-01-01,Paris,Aquatics,Swimming,""RUBERL, Karl"",Men,200M Backstroke,Silver,Austria,AUT,8611088.0,43774.985173612,summer,3.63,3.0,3.25,4.13,5.5,2.75,2.5,6.25,45.0,7.88,5.25,44.125"
"1900-01-01,Paris,Aquatics,Swimming,""RUBERL, Karl"",Men,200M Freestyle,Bronze,Austria,AUT,8611088.0,43774.985173612,summer,3.63,3.0,4.63,9.25,5.5,2.88,2.63,4.63,36.0,5.5,5.25,46.875"
"1900-01-01,Paris,Aquatics,Swimming,""RUBERL, Karl"",Men,200M Freestyle,Bronze,Austria,AUT,8611088.0,43774.985173612,summer,3.63,3.0,3.25,4.13,5.5,2.75,2.5,6.25,45.0,7.88,5.25,44.125"
"1900-01-01,Paris,Aquatics,Swimming,""LANE, Frederick C.V."",Men,200M Freestyle,Gold,Australia,AUS,23781169.0,56310.9629933721,summer,3.63,3.0,4.63,9.25,5.5,2.88,2.63,4.63,36.0,5.5,5.25,46.875"
"1900-01-01,Paris,Aquatics,Swimming,""LANE, Frederick C.V."",Men,200M Freestyle,Gold,Australia,AUS,23781169.0,56310.9629933721,summer,3.63,3.0,3.25,4.13,5.5,2.75,2.5,6.25,45.0,7.88,5.25,44.125"
"1900-01-01,Paris,Aquatics,Swimming,""HALMAY, Zoltan"",Men,200M Freestyle,Silver,Hungary,HUN,9844686.0,12363.543459653898,summer,3.63,3.0,4.63,9.25,5.5,2.88,2.63,4.63,36.0,5.5,5.25,46.875"
"1900-01-01,Paris,Aquatics,Swimming,""HALMAY, Zoltan"",Men,200M Freestyle,Silver,Hungary,HUN,9844686.0,12363.543459653898,summer,3.63,3.0,3.25,4.13,5.5,2.75,2.5,6.25,45.0,7.88,5.25,44.125"
"1900-01-01,Paris,Aquatics,Swimming,""KEMP, Peter"",Men,200M Obstacle Event,Bronze,United Kingdom,GBR,65138232.0,43875.9696143686,summer,3.63,3.0,4.63,9.25,5.5,2.88,2.63,4.63,36.0,5.5,5.25,46.875"
"1900-01-01,Paris,Aquatics,Swimming,""KEMP, Peter"",Men,200M Obstacle Event,Bronze,United Kingdom,GBR,65138232.0,43875.9696143686,summer,3.63,3.0,3.25,4.13,5.5,2.75,2.5,6.25,45.0,7.88,5.25,44.125"
"1900-01-01,Paris,Aquatics,Swimming,""LANE, Frederick C.V."",Men,200M Obstacle Event,Gold,Australia,AUS,23781169.0,56310.9629933721,summer,3.63,3.0,4.63,9.25,5.5,2.88,2.63,4.63,36.0,5.5,5.25,46.875"
"1900-01-01,Paris,Aquatics,Swimming,""LANE, Frederick C.V."",Men,200M Obstacle Event,Gold,Australia,AUS,23781169.0,56310.9629933721,summer,3.63,3.0,3.25,4.13,5.5,2.75,2.5,6.25,45.0,7.88,5.25,44.125"
"1900-01-01,Paris,Aquatics,Swimming,""WAHLE, Otto"",Men,200M Obstacle Event,Silver,Austria,AUT,8611088.0,43774.985173612,summer,3.63,3.0,4.63,9.25,5.5,2.88,2.63,4.63,36.0,5.5,5.25,46.875"
"1900-01-01,Paris,Aquatics,Swimming,""WAHLE, Otto"",Men,200M Obstacle Event,Silver,Austria,AUT,8611088.0,43774.985173612,summer,3.63,3.0,3.25,4.13,5.5,2.75,2.5,6.25,45.0,7.88,5.25,44.125"
1900-01-01,Paris,Aquatics,Swimming,HOUBEN,Men,200M Team Swimming,Bronze,France,FRA,66808385.0,36205.5681017036,summer,3.63,3.0,4.63,9.25,5.5,2.88,2.63,4.63,36.0,5.5,5.25,46.875
1900-01-01,Paris,Aquatics,Swimming,HOUBEN,Men,200M Team Swimming,Bronze,France,FRA,66808385.0,36205.5681017036,summer,3.63,3.0,3.25,4.13,5.5,2.75,2.5,6.25,45.0,7.88,5.25,44.125
"1900-01-01,Paris,Aquatics,Swimming,""LEUILLIEUX, Jean"",Men,200M Team Swimming,Bronze,France,FRA,66808385.0,36205.5681017036,summer,3.63,3.0,4.63,9.25,5.5,2.88,2.63,4.63,36.0,5.5,5.25,46.875"
"1900-01-01,Paris,Aquatics,Swimming,""LEUILLIEUX, Jean"",Men,200M Team Swimming,Bronze,France,FRA,66808385.0,36205.5681017036,summer,3.63,3.0,3.25,4.13,5.5,2.75,2.5,6.25,45.0,7.88,5.25,44.125"
"1900-01-01,Paris,Aquatics,Swimming,""MARTIN, Louis"",Men,200M Team Swimming,Bronze,France,FRA,66808385.0,36205.5681017036,summer,3.63,3.0,4.63,9.25,5.5,2.88,2.63,4.63,36.0,5.5,5.25,46.875"
"1900-01-01,Paris,Aquatics,Swimming,""MARTIN, Louis"",Men,200M Team Swimming,Bronze,France,FRA,66808385.0,36205.5681017036,summer,3.63,3.0,3.25,4.13,5.5,2.75,2.5,6.25,45.0,7.88,5.25,44.125"
"1900-01-01,Paris,Aquatics,Swimming,""MERCHEZ, Désiré"",Men,200M Team Swimming,Bronze,France,FRA,66808385.0,36205.5681017036,summer,3.63,3.0,4.63,9.25,5.5,2.88,2.63,4.63,36.0,5.5,5.25,46.875"
"1900-01-01,Paris,Aquatics,Swimming,""MERCHEZ, Désiré"",Men,200M Team Swimming,Bronze,France,FRA,66808385.0,36205.5681017036,summer,3.63,3.0,3.25,4.13,5.5,2.75,2.5,6.25,45.0,7.88,5.25,44.125"
1900-01-01,Paris,Aquatics,Swimming,TARTARA,Men,200M Team Swimming,Bronze,France,FRA,66808385.0,36205.5681017036,summer,3.63,3.0,4.63,9.25,5.5,2.88,2.63,4.63,36.0,5.5,5.25,46.875
1900-01-01,Paris,Aquatics,Swimming,TARTARA,Men,200M Team Swimming,Bronze,France,FRA,66808385.0,36205.5681017036,summer,3.63,3.0,3.25,4.13,5.5,2.75,2.5,6.25,45.0,7.88,5.25,44.125
"1900-01-01,Paris,Aquatics,Swimming,""FREY, Julius"",Men,200M Team Swimming,Gold,Germany,GER,81413145.0,41313.3139945434,summer,3.63,3.0,4.63,9.25,5.5,2.88,2.63,4.63,36.0,5.5,5.25,46.875"
"1900-01-01,Paris,Aquatics,Swimming,""FREY, Julius"",Men,200M Team Swimming,Gold,Germany,GER,81413145.0,41313.3139945434,summer,3.63,3.0,3.25,4.13,5.5,2.75,2.5,6.25,45.0,7.88,5.25,44.125"
"1900-01-01,Paris,Aquatics,Swimming,""HAINLE, Max"",Men,200M Team Swimming,Gold,Germany,GER,81413145.0,41313.3139945434,summer,3.63,3.0,4.63,9.25,5.5,2.88,2.63,4.63,36.0,5.5,5.25,46.875"
"1900-01-01,Paris,Aquatics,Swimming,""HAINLE, Max"",Men,200M Team Swimming,Gold,Germany,GER,81413145.0,41313.3139945434,summer,3.63,3.0,3.25,4.13,5.5,2.75,2.5,6.25,45.0,7.88,5.25,44.125"
"1900-01-01,Paris,Aquatics,Swimming,""HOPPENBERG, Ernst"",Men,200M Team Swimming,Gold,Germany,GER,81413145.0,41313.3139945434,summer,3.63,3.0,4.63,9.25,5.5,2.88,2.63,4.63,36.0,5.5,5.25,46.875"
"1900-01-01,Paris,Aquatics,Swimming,""HOPPENBERG, Ernst"",Men,200M Team Swimming,Gold,Germany,GER,81413145.0,41313.3139945434,summer,3.63,3.0,3.25,4.13,5.5,2.75,2.5,6.25,45.0,7.88,5.25,44.125"
"1900-01-01,Paris,Aquatics,Swimming,""SCHÖNE, Max"",Men,200M Team Swimming,Gold,Germany,GER,81413145.0,41313.3139945434,summer,3.63,3.0,4.63,9.25,5.5,2.88,2.63,4.63,36.0,5.5,5.25,46.875"
"1900-01-01,Paris,Aquatics,Swimming,""SCHÖNE, Max"",Men,200M Team Swimming,Gold,Germany,GER,81413145.0,41313.3139945434,summer,3.63,3.0,3.25,4.13,5.5,2.75,2.5,6.25,45.0,7.88,5.25,44.125"
"1900-01-01,Paris,Aquatics,Swimming,""VON PETERSDORFF, Herbert"",Men,200M Team Swimming,Gold,Germany,GER,81413145.0,41313.3139945434,summer,3.63,3.0,4.63,9.25,5.5,2.88,2.63,4.63,36.0,5.5,5.25,46.875"
"1900-01-01,Paris,Aquatics,Swimming,""VON PETERSDORFF, Herbert"",Men,200M Team Swimming,Gold,Germany,GER,81413145.0,41313.3139945434,summer,3.63,3.0,3.25,4.13,5.5,2.75,2.5,6.25,45.0,7.88,5.25,44.125"
1900-01-01,Paris,Aquatics,Swimming,BERTRAND,Men,200M Team Swimming,Silver,France,FRA,66808385.0,36205.5681017036,summer,3.63,3.0,4.63,9.25,5.5,2.88,2.63,4.63,36.0,5.5,5.25,46.875
1900-01-01,Paris,Aquatics,Swimming,BERTRAND,Men,200M Team Swimming,Silver,France,FRA,66808385.0,36205.5681017036,summer,3.63,3.0,3.25,4.13,5.5,2.75,2.5,6.25,45.0,7.88,5.25,44.125
1900-01-01,Paris,Aquatics,Swimming,CADET,Men,200M Team Swimming,Silver,France,FRA,66808385.0,36205.5681017036,summer,3.63,3.0,4.63,9.25,5.5,2.88,2.63,4.63,36.0,5.5,5.25,46.875
1900-01-01,Paris,Aquatics,Swimming,CADET,Men,200M Team Swimming,Silver,France,FRA,66808385.0,36205.5681017036,summer,3.63,3.0,3.25,4.13,5.5,2.75,2.5,6.25,45.0,7.88,5.25,44.125
"1900-01-01,Paris,Aquatics,Swimming,""HOCHEPIED, Maurice"",Men,200M Team Swimming,Silver,France,FRA,66808385.0,36205.5681017036,summer,3.63,3.0,4.63,9.25,5.5,2.88,2.63,4.63,36.0,5.5,5.25,46.875"
"1900-01-01,Paris,Aquatics,Swimming,""HOCHEPIED, Maurice"",Men,200M Team Swimming,Silver,France,FRA,66808385.0,36205.5681017036,summer,3.63,3.0,3.25,4.13,5.5,2.75,2.5,6.25,45.0,7.88,5.25,44.125"
"1900-01-01,Paris,Aquatics,Swimming,""HOCHEPIED, Victor"",Men,200M Team Swimming,Silver,France,FRA,66808385.0,36205.5681017036,summer,3.63,3.0,4.63,9.25,5.5,2.88,2.63,4.63,36.0,5.5,5.25,46.875"
"1900-01-01,Paris,Aquatics,Swimming,""HOCHEPIED, Victor"",Men,200M Team Swimming,Silver,France,FRA,66808385.0,36205.5681017036,summer,3.63,3.0,3.25,4.13,5.5,2.75,2.5,6.25,45.0,7.88,5.25,44.125"
1900-01-01,Paris,Aquatics,Swimming,VERBECKE,Men,200M Team Swimming,Silver,France,FRA,66808385.0,36205.5681017036,summer,3.63,3.0,4.63,9.25,5.5,2.88,2.63,4.63,36.0,5.5,5.25,46.875
1900-01-01,Paris,Aquatics,Swimming,VERBECKE,Men,200M Team Swimming,Silver,France,FRA,66808385.0,36205.5681017036,summer,3.63,3.0,3.25,4.13,5.5,2.75,2.5,6.25,45.0,7.88,5.25,44.125
"1900-01-01,Paris,Aquatics,Swimming,""MARTIN, Louis"",Men,4000M Freestyle,Bronze,France,FRA,66808385.0,36205.5681017036,summer,3.63,3.0,4.63,9.25,5.5,2.88,2.63,4.63,36.0,5.5,5.25,46.875"
"1900-01-01,Paris,Aquatics,Swimming,""MARTIN, Louis"",Men,4000M Freestyle,Bronze,France,FRA,66808385.0,36205.5681017036,summer,3.63,3.0,3.25,4.13,5.5,2.75,2.5,6.25,45.0,7.88,5.25,44.125"
"1900-01-01,Paris,Aquatics,Swimming,""JARVIS, John Arthur"",Men,4000M Freestyle,Gold,United Kingdom,GBR,65138232.0,43875.9696143686,summer,3.63,3.0,4.63,9.25,5.5,2.88,2.63,4.63,36.0,5.5,5.25,46.875"
"1900-01-01,Paris,Aquatics,Swimming,""JARVIS, John Arthur"",Men,4000M Freestyle,Gold,United Kingdom,GBR,65138232.0,43875.9696143686,summer,3.63,3.0,3.25,4.13,5.5,2.75,2.5,6.25,45.0,7.88,5.25,44.125"
"1900-01-01,Paris,Aquatics,Swimming,""HALMAY, Zoltan"",Men,4000M Freestyle,Silver,Hungary,HUN,9844686.0,12363.543459653898,summer,3.63,3.0,4.63,9.25,5.5,2.88,2.63,4.63,36.0,5.5,5.25,46.875"
"1900-01-01,Paris,Aquatics,Swimming,""HALMAY, Zoltan"",Men,4000M Freestyle,Silver,Hungary,HUN,9844686.0,12363.543459653898,summer,3.63,3.0,3.25,4.13,5.5,2.75,2.5,6.25,45.0,7.88,5.25,44.125"
"1900-01-01,Paris,Aquatics,Swimming,""LYKKEBERG, Peder"",Men,Underwater Swimming,Bronze,Denmark,DEN,5676002.0,51989.2934712354,summer,3.63,3.0,4.63,9.25,5.5,2.88,2.63,4.63,36.0,5.5,5.25,46.875"
"1900-01-01,Paris,Aquatics,Swimming,""LYKKEBERG, Peder"",Men,Underwater Swimming,Bronze,Denmark,DEN,5676002.0,51989.2934712354,summer,3.63,3.0,3.25,4.13,5.5,2.75,2.5,6.25,45.0,7.88,5.25,44.125"
"1900-01-01,Paris,Aquatics,Swimming,""DE VENDEVILLE, Charles"",Men,Underwater Swimming,Gold,France,FRA,66808385.0,36205.5681017036,summer,3.63,3.0,4.63,9.25,5.5,2.88,2.63,4.63,36.0,5.5,5.25,46.875"
"1900-01-01,Paris,Aquatics,Swimming,""DE VENDEVILLE, Charles"",Men,Underwater Swimming,Gold,France,FRA,66808385.0,36205.5681017036,summer,3.63,3.0,3.25,4.13,5.5,2.75,2.5,6.25,45.0,7.88,5.25,44.125"
"1900-01-01,Paris,Aquatics,Swimming,""SIX, André"",Men,Underwater Swimming,Silver,France,FRA,66808385.0,36205.5681017036,summer,3.63,3.0,4.63,9.25,5.5,2.88,2.63,4.63,36.0,5.5,5.25,46.875"
"1900-01-01,Paris,Aquatics,Swimming,""SIX, André"",Men,Underwater Swimming,Silver,France,FRA,66808385.0,36205.5681017036,summer,3.63,3.0,3.25,4.13,5.5,2.75,2.5,6.25,45.0,7.88,5.25,44.125"
"1900-01-01,Paris,Archery,Archery,""PETIT, Charles Frédéric"",Men,""Au Chapelet, 33M"",Bronze,France,FRA,66808385.0,36205.5681017036,summer,1.63,3.25,2.13,2.88,2.63,6.63,2.75,3.13,55.0,1.13,4.5,30.625"
"1900-01-01,Paris,Archery,Archery,""VAN INNIS, Hubert"",Men,""Au Chapelet, 33M"",Gold,Belgium,BEL,11285721.0,40324.0277657215,summer,1.63,3.25,2.13,2.88,2.63,6.63,2.75,3.13,55.0,1.13,4.5,30.625"
"1900-01-01,Paris,Archery,Archery,""THIBAUD, Victor"",Men,""Au Chapelet, 33M"",Silver,France,FRA,66808385.0,36205.5681017036,summer,1.63,3.25,2.13,2.88,2.63,6.63,2.75,3.13,55.0,1.13,4.5,30.625"
"1900-01-01,Paris,Archery,Archery,""MERCIER, Emile"",Men,""Au Chapelet, 50M"",Bronze,France,FRA,66808385.0,36205.5681017036,summer,1.63,3.25,2.13,2.88,2.63,6.63,2.75,3.13,55.0,1.13,4.5,30.625"
"1900-01-01,Paris,Archery,Archery,""MOUGIN, Eugène"",Men,""Au Chapelet, 50M"",Gold,France,FRA,66808385.0,36205.5681017036,summer,1.63,3.25,2.13,2.88,2.63,6.63,2.75,3.13,55.0,1.13,4.5,30.625"
"1900-01-01,Paris,Archery,Archery,""HELLE, Henri"",Men,""Au Chapelet, 50M"",Silver,France,FRA,66808385.0,36205.5681017036,summer,1.63,3.25,2.13,2.88,2.63,6.63,2.75,3.13,55.0,1.13,4.5,30.625"
"1900-01-01,Paris,Archery,Archery,""PETIT, Charles Frédéric"",Men,""Au Cordon Doré, 33M"",Bronze,France,FRA,66808385.0,36205.5681017036,summer,1.63,3.25,2.13,2.88,2.63,6.63,2.75,3.13,55.0,1.13,4.5,30.625"
"1900-01-01,Paris,Archery,Archery,""VAN INNIS, Hubert"",Men,""Au Cordon Doré, 33M"",Gold,Belgium,BEL,11285721.0,40324.0277657215,summer,1.63,3.25,2.13,2.88,2.63,6.63,2.75,3.13,55.0,1.13,4.5,30.625"
"1900-01-01,Paris,Archery,Archery,""THIBAUD, Victor"",Men,""Au Cordon Doré, 33M"",Silver,France,FRA,66808385.0,36205.5681017036,summer,1.63,3.25,2.13,2.88,2.63,6.63,2.75,3.13,55.0,1.13,4.5,30.625"
"1900-01-01,Paris,Archery,Archery,""FISSEUX, Emile"",Men,""Au Cordon Doré, 50M"",Bronze,France,FRA,66808385.0,36205.5681017036,summer,1.63,3.25,2.13,2.88,2.63,6.63,2.75,3.13,55.0,1.13,4.5,30.625"
"1900-01-01,Paris,Archery,Archery,""HEROUIN, Henri"",Men,""Au Cordon Doré, 50M"",Gold,France,FRA,66808385.0,36205.5681017036,summer,1.63,3.25,2.13,2.88,2.63,6.63,2.75,3.13,55.0,1.13,4.5,30.625"
"1900-01-01,Paris,Archery,Archery,""VAN INNIS, Hubert"",Men,""Au Cordon Doré, 50M"",Silver,Belgium,BEL,11285721.0,40324.0277657215,summer,1.63,3.25,2.13,2.88,2.63,6.63,2.75,3.13,55.0,1.13,4.5,30.625"
"1900-01-01,Paris,Archery,Archery,""FOULON, Emmanuel"",Men,Sur La Perche À La Herse,Gold,Belgium,BEL,11285721.0,40324.0277657215,summer,1.63,3.25,2.13,2.88,2.63,6.63,2.75,3.13,55.0,1.13,4.5,30.625"
"1900-01-01,Paris,Archery,Archery,""DRUART, Jr."",Men,Sur La Perche À La Herse,Silver,Belgium,BEL,11285721.0,40324.0277657215,summer,1.63,3.25,2.13,2.88,2.63,6.63,2.75,3.13,55.0,1.13,4.5,30.625"
"1900-01-01,Paris,Archery,Archery,""SERRURIER, Auguste"",Men,Sur La Perche À La Herse,Silver,France,FRA,66808385.0,36205.5681017036,summer,1.63,3.25,2.13,2.88,2.63,6.63,2.75,3.13,55.0,1.13,4.5,30.625"
"1900-01-01,Paris,Archery,Archery,""GLINEUX, Louis"",Men,Sur La Perche À La Pyramide,Bronze,Belgium,BEL,11285721.0,40324.0277657215,summer,1.63,3.25,2.13,2.88,2.63,6.63,2.75,3.13,55.0,1.13,4.5,30.625"
"1900-01-01,Paris,Archery,Archery,""GRUMIAUX, Emile"",Men,Sur La Perche À La Pyramide,Gold,France,FRA,66808385.0,36205.5681017036,summer,1.63,3.25,2.13,2.88,2.63,6.63,2.75,3.13,55.0,1.13,4.5,30.625"
"1900-01-01,Paris,Archery,Archery,""SERRURIER, Auguste"",Men,Sur La Perche À La Pyramide,Silver,France,FRA,66808385.0,36205.5681017036,summer,1.63,3.25,2.13,2.88,2.63,6.63,2.75,3.13,55.0,1.13,4.5,30.625"
"1900-01-01,Paris,Cycling,Cycling Track,""DAUMAIN, ....."",Men,25 Kilometres,Bronze,France,FRA,66808385.0,36205.5681017036,summer,4.0,4.5,4.5,4.25,2.88,3.63,4.75,7.88,27.0,7.5,6.13,50.0"
"1900-01-01,Paris,Cycling,Cycling Track,""BASTIEN, Louis"",Men,25 Kilometres,Gold,France,FRA,66808385.0,36205.5681017036,summer,4.0,4.5,4.5,4.25,2.88,3.63,4.75,7.88,27.0,7.5,6.13,50.0"
"1900-01-01,Paris,Cycling,Cycling Track,""HILDEBRAND, Louis"",Men,25 Kilometres,Silver,France,FRA,66808385.0,36205.5681017036,summer,4.0,4.5,4.5,4.25,2.88,3.63,4.75,7.88,27.0,7.5,6.13,50.0"
"1900-01-01,Paris,Cycling,Cycling Track,""LAKE, John Henry"",Men,Sprint Indivual,Bronze,United States,USA,321418820.0,56115.7184261955,summer,4.0,4.5,4.5,4.25,2.88,3.63,4.75,7.88,27.0,7.5,6.13,50.0"
"1900-01-01,Paris,Cycling,Cycling Track,""TAILLANDIER, Georges"",Men,Sprint Indivual,Gold,France,FRA,66808385.0,36205.5681017036,summer,4.0,4.5,4.5,4.25,2.88,3.63,4.75,7.88,27.0,7.5,6.13,50.0"
"1900-01-01,Paris,Cycling,Cycling Track,""SANZ, Fernand"",Men,Sprint Indivual,Silver,France,FRA,66808385.0,36205.5681017036,summer,4.0,4.5,4.5,4.25,2.88,3.63,4.75,7.88,27.0,7.5,6.13,50.0"
"1900-01-01,Paris,Fencing,Fencing,""SEE, Léon"",Men,Épée Individual,Bronze,France,FRA,66808385.0,36205.5681017036,summer,6.13,6.88,4.25,4.63,5.63,7.25,4.88,4.25,24.0,5.13,3.75,52.75"
"1900-01-01,Paris,Fencing,Fencing,""PERREE, Louis"",Men,Épée Individual,Silver,France,FRA,66808385.0,36205.5681017036,summer,6.13,6.88,4.25,4.63,5.63,7.25,4.88,4.25,24.0,5.13,3.75,52.75"
"1900-01-01,Paris,Fencing,Fencing,""SEE, Léon"",Men,""Épée, Amateurs And Masters"",Bronze,France,FRA,66808385.0,36205.5681017036,summer,6.13,6.88,4.25,4.63,5.63,7.25,4.88,4.25,24.0,5.13,3.75,52.75"
"1900-01-01,Paris,Fencing,Fencing,""AYAT, Albert"",Men,""Épée, Amateurs And Masters"",Gold,France,FRA,66808385.0,36205.5681017036,summer,6.13,6.88,4.25,4.63,5.63,7.25,4.88,4.25,24.0,5.13,3.75,52.75"
"1900-01-01,Paris,Fencing,Fencing,""LAURENT, Henri"",Men,""Épée, Masters"",Bronze,France,FRA,66808385.0,36205.5681017036,summer,6.13,6.88,4.25,4.63,5.63,7.25,4.88,4.25,24.0,5.13,3.75,52.75"
"1900-01-01,Paris,Fencing,Fencing,""AYAT, Albert"",Men,""Épée, Masters"",Gold,France,FRA,66808385.0,36205.5681017036,summer,6.13,6.88,4.25,4.63,5.63,7.25,4.88,4.25,24.0,5.13,3.75,52.75"
"1900-01-01,Paris,Fencing,Fencing,""BOUGNOL, Emile"",Men,""Épée, Masters"",Silver,France,FRA,66808385.0,36205.5681017036,summer,6.13,6.88,4.25,4.63,5.63,7.25,4.88,4.25,24.0,5.13,3.75,52.75"
"1900-01-01,Paris,Fencing,Fencing,""BOULENGER, Marcel Jacques"",Men,Foil Individual,Bronze,France,FRA,66808385.0,36205.5681017036,summer,6.13,6.88,4.25,4.63,5.63,7.25,4.88,4.25,24.0,5.13,3.75,52.75"
"1900-01-01,Paris,Fencing,Fencing,""COSTE, Emile"",Men,Foil Individual,Gold,France,FRA,66808385.0,36205.5681017036,summer,6.13,6.88,4.25,4.63,5.63,7.25,4.88,4.25,24.0,5.13,3.75,52.75"
"1900-01-01,Paris,Fencing,Fencing,""MASSON, Henri"",Men,Foil Individual,Silver,France,FRA,66808385.0,36205.5681017036,summer,6.13,6.88,4.25,4.63,5.63,7.25,4.88,4.25,24.0,5.13,3.75,52.75"
"1900-01-01,Paris,Fencing,Fencing,""MIMIAGUE, Jean-Baptiste"",Men,""Foil, Masters"",Bronze,France,FRA,66808385.0,36205.5681017036,summer,6.13,6.88,4.25,4.63,5.63,7.25,4.88,4.25,24.0,5.13,3.75,52.75"
"1900-01-01,Paris,Fencing,Fencing,""MERIGNAC, Lucien"",Men,""Foil, Masters"",Gold,France,FRA,66808385.0,36205.5681017036,summer,6.13,6.88,4.25,4.63,5.63,7.25,4.88,4.25,24.0,5.13,3.75,52.75"
"1900-01-01,Paris,Fencing,Fencing,""KIRCHHOFFER, Alphonse"",Men,""Foil, Masters"",Silver,France,FRA,66808385.0,36205.5681017036,summer,6.13,6.88,4.25,4.63,5.63,7.25,4.88,4.25,24.0,5.13,3.75,52.75"
"1900-01-01,Paris,Fencing,Fencing,""FLESCH, Siegfried"",Men,Sabre Individual,Bronze,Austria,AUT,8611088.0,43774.985173612,summer,6.13,6.88,4.25,4.63,5.63,7.25,4.88,4.25,24.0,5.13,3.75,52.75"
"1900-01-01,Paris,Fencing,Fencing,""DE LA FALAISE, Georges"",Men,Sabre Individual,Gold,France,FRA,66808385.0,36205.5681017036,summer,6.13,6.88,4.25,4.63,5.63,7.25,4.88,4.25,24.0,5.13,3.75,52.75"
"1900-01-01,Paris,Fencing,Fencing,""THIEBAUT, Léon"",Men,Sabre Individual,Silver,France,FRA,66808385.0,36205.5681017036,summer,6.13,6.88,4.25,4.63,5.63,7.25,4.88,4.25,24.0,5.13,3.75,52.75"
"1900-01-01,Paris,Fencing,Fencing,""NERALIC, Milan"",Men,""Sabre, Masters"",Bronze,Austria,AUT,8611088.0,43774.985173612,summer,6.13,6.88,4.25,4.63,5.63,7.25,4.88,4.25,24.0,5.13,3.75,52.75"
"1900-01-01,Paris,Fencing,Fencing,""CONTE, Antonio"",Men,""Sabre, Masters"",Gold,Italy,ITA,60802085.0,29957.804315437203,summer,6.13,6.88,4.25,4.63,5.63,7.25,4.88,4.25,24.0,5.13,3.75,52.75"
"1900-01-01,Paris,Fencing,Fencing,""SANTELLI, Italo"",Men,""Sabre, Masters"",Silver,Italy,ITA,60802085.0,29957.804315437203,summer,6.13,6.88,4.25,4.63,5.63,7.25,4.88,4.25,24.0,5.13,3.75,52.75"
"1900-01-01,Paris,Football,Football,""DELBECQUE, Albert"",Men,Football,Bronze,Belgium,BEL,11285721.0,40324.0277657215,summer,8.25,7.5,6.25,7.75,4.75,6.5,3.63,5.13,10.0,7.25,4.5,61.5"
"1900-01-01,Paris,Football,Football,""KELECOM, R."",Men,Football,Bronze,Belgium,BEL,11285721.0,40324.0277657215,summer,8.25,7.5,6.25,7.75,4.75,6.5,3.63,5.13,10.0,7.25,4.5,61.5"
"1900-01-01,Paris,Football,Football,""LEBOUTTE, Marcel"",Men,Football,Bronze,Belgium,BEL,11285721.0,40324.0277657215,summer,8.25,7.5,6.25,7.75,4.75,6.5,3.63,5.13,10.0,7.25,4.5,61.5"
1900-01-01,Paris,Football,Football,LONDOT,Men,Football,Bronze,Belgium,BEL,11285721.0,40324.0277657215,summer,8.25,7.5,6.25,7.75,4.75,6.5,3.63,5.13,10.0,7.25,4.5,61.5
"1900-01-01,Paris,Football,Football,""MOREAU, Ernest"",Men,Football,Bronze,Belgium,BEL,11285721.0,40324.0277657215,summer,8.25,7.5,6.25,7.75,4.75,6.5,3.63,5.13,10.0,7.25,4.5,61.5"
"1900-01-01,Paris,Football,Football,""NEEFS, E."",Men,Football,Bronze,Belgium,BEL,11285721.0,40324.0277657215,summer,8.25,7.5,6.25,7.75,4.75,6.5,3.63,5.13,10.0,7.25,4.5,61.5"
"1900-01-01,Paris,Football,Football,""PELGRIMS, Georges"",Men,Football,Bronze,Belgium,BEL,11285721.0,40324.0277657215,summer,8.25,7.5,6.25,7.75,4.75,6.5,3.63,5.13,10.0,7.25,4.5,61.5"
"1900-01-01,Paris,Football,Football,""RENIER, Alphonse"",Men,Football,Bronze,Belgium,BEL,11285721.0,40324.0277657215,summer,8.25,7.5,6.25,7.75,4.75,6.5,3.63,5.13,10.0,7.25,4.5,61.5"
"1900-01-01,Paris,Football,Football,""SPANNOGHE, E."",Men,Football,Bronze,Belgium,BEL,11285721.0,40324.0277657215,summer,8.25,7.5,6.25,7.75,4.75,6.5,3.63,5.13,10.0,7.25,4.5,61.5"
"1900-01-01,Paris,Football,Football,""THORNTON, Erich"",Men,Football,Bronze,Belgium,BEL,11285721.0,40324.0277657215,summer,8.25,7.5,6.25,7.75,4.75,6.5,3.63,5.13,10.0,7.25,4.5,61.5"
1900-01-01,Paris,Football,Football,VAN HEUCKELUM,Men,Football,Bronze,Belgium,BEL,11285721.0,40324.0277657215,summer,8.25,7.5,6.25,7.75,4.75,6.5,3.63,5.13,10.0,7.25,4.5,61.5
"1900-01-01,Paris,Football,Football,""BUCKENHAM, Claude Percy"",Men,Football,Gold,United Kingdom,GBR,65138232.0,43875.9696143686,summer,8.25,7.5,6.25,7.75,4.75,6.5,3.63,5.13,10.0,7.25,4.5,61.5"
"1900-01-01,Paris,Football,Football,""BURRIDGE, T.E."",Men,Football,Gold,United Kingdom,GBR,65138232.0,43875.9696143686,summer,8.25,7.5,6.25,7.75,4.75,6.5,3.63,5.13,10.0,7.25,4.5,61.5"
"1900-01-01,Paris,Football,Football,""CHALK, Alfred Ernest"",Men,Football,Gold,United Kingdom,GBR,65138232.0,43875.9696143686,summer,8.25,7.5,6.25,7.75,4.75,6.5,3.63,5.13,10.0,7.25,4.5,61.5"
"1900-01-01,Paris,Football,Football,""GROSLING, William Sullivan"",Men,Football,Gold,United Kingdom,GBR,65138232.0,43875.9696143686,summer,8.25,7.5,6.25,7.75,4.75,6.5,3.63,5.13,10.0,7.25,4.5,61.5"
"1900-01-01,Paris,Football,Football,""HASLAM, A."",Men,Football,Gold,United Kingdom,GBR,65138232.0,43875.9696143686,summer,8.25,7.5,6.25,7.75,4.75,6.5,3.63,5.13,10.0,7.25,4.5,61.5"
"1900-01-01,Paris,Football,Football,""JONES, J.H."",Men,Football,Gold,United Kingdom,GBR,65138232.0,43875.9696143686,summer,8.25,7.5,6.25,7.75,4.75,6.5,3.63,5.13,10.0,7.25,4.5,61.5"
"1900-01-01,Paris,Football,Football,""NICHOLAS, J."",Men,Football,Gold,United Kingdom,GBR,65138232.0,43875.9696143686,summer,8.25,7.5,6.25,7.75,4.75,6.5,3.63,5.13,10.0,7.25,4.5,61.5"
"1900-01-01,Paris,Football,Football,""QUASH, William Francis"",Men,Football,Gold,United Kingdom,GBR,65138232.0,43875.9696143686,summer,8.25,7.5,6.25,7.75,4.75,6.5,3.63,5.13,10.0,7.25,4.5,61.5"
"1900-01-01,Paris,Football,Football,""SPACKMAN, F.G."",Men,Football,Gold,United Kingdom,GBR,65138232.0,43875.9696143686,summer,8.25,7.5,6.25,7.75,4.75,6.5,3.63,5.13,10.0,7.25,4.5,61.5"
"1900-01-01,Paris,Football,Football,""TURNER, R.R."",Men,Football,Gold,United Kingdom,GBR,65138232.0,43875.9696143686,summer,8.25,7.5,6.25,7.75,4.75,6.5,3.63,5.13,10.0,7.25,4.5,61.5"
"1900-01-01,Paris,Football,Football,""ZEALLEY, James Edward"",Men,Football,Gold,United Kingdom,GBR,65138232.0,43875.9696143686,summer,8.25,7.5,6.25,7.75,4.75,6.5,3.63,5.13,10.0,7.25,4.5,61.5"
"1900-01-01,Paris,Football,Football,""ALLEMANE, Pierre"",Men,Football,Silver,France,FRA,66808385.0,36205.5681017036,summer,8.25,7.5,6.25,7.75,4.75,6.5,3.63,5.13,10.0,7.25,4.5,61.5"
1900-01-01,Paris,Football,Football,BACH,Men,Football,Silver,France,FRA,66808385.0,36205.5681017036,summer,8.25,7.5,6.25,7.75,4.75,6.5,3.63,5.13,10.0,7.25,4.5,61.5
"1900-01-01,Paris,Football,Football,""BLOCH, Jean"",Men,Football,Silver,France,FRA,66808385.0,36205.5681017036,summer,8.25,7.5,6.25,7.75,4.75,6.5,3.63,5.13,10.0,7.25,4.5,61.5"
"1900-01-01,Paris,Football,Football,""CANELLE, Fernand"",Men,Football,Silver,France,FRA,66808385.0,36205.5681017036,summer,8.25,7.5,6.25,7.75,4.75,6.5,3.63,5.13,10.0,7.25,4.5,61.5"
1900-01-01,Paris,Football,Football,DUPARC,Men,Football,Silver,France,FRA,66808385.0,36205.5681017036,summer,8.25,7.5,6.25,7.75,4.75,6.5,3.63,5.13,10.0,7.25,4.5,61.5
1900-01-01,Paris,Football,Football,FRAYSSE,Men,Football,Silver,France,FRA,66808385.0,36205.5681017036,summer,8.25,7.5,6.25,7.75,4.75,6.5,3.63,5.13,10.0,7.25,4.5,61.5
1900-01-01,Paris,Football,Football,GAILLARD,Men,Football,Silver,France,FRA,66808385.0,36205.5681017036,summer,8.25,7.5,6.25,7.75,4.75,6.5,3.63,5.13,10.0,7.25,4.5,61.5
"1900-01-01,Paris,Football,Football,""GARNIER, René"",Men,Football,Silver,France,FRA,66808385.0,36205.5681017036,summer,8.25,7.5,6.25,7.75,4.75,6.5,3.63,5.13,10.0,7.25,4.5,61.5"
1900-01-01,Paris,Football,Football,GRANDJEAN,Men,Football,Silver,France,FRA,66808385.0,36205.5681017036,summer,8.25,7.5,6.25,7.75,4.75,6.5,3.63,5.13,10.0,7.25,4.5,61.5
1900-01-01,Paris,Football,Football,HUTEAU,Men,Football,Silver,France,FRA,66808385.0,36205.5681017036,summer,8.25,7.5,6.25,7.75,4.75,6.5,3.63,5.13,10.0,7.25,4.5,61.5
1900-01-01,Paris,Football,Football,LAMBERT,Men,Football,Silver,France,FRA,66808385.0,36205.5681017036,summer,8.25,7.5,6.25,7.75,4.75,6.5,3.63,5.13,10.0,7.25,4.5,61.5
1900-01-01,Paris,Football,Football,MACAIRE,Men,Football,Silver,France,FRA,66808385.0,36205.5681017036,summer,8.25,7.5,6.25,7.75,4.75,6.5,3.63,5.13,10.0,7.25,4.5,61.5
1900-01-01,Paris,Football,Football,PELTIER,Men,Football,Silver,France,FRA,66808385.0,36205.5681017036,summer,8.25,7.5,6.25,7.75,4.75,6.5,3.63,5.13,10.0,7.25,4.5,61.5
"1900-01-01,Paris,Golf,Golf,""ROBERTSON, David Donaldson"",Men,Individual,Bronze,United Kingdom,GBR,65138232.0,43875.9696143686,summer,1.75,6.38,2.38,3.25,4.0,6.0,2.5,6.13,51.0,1.63,3.88,37.875"
"1900-01-01,Paris,Golf,Golf,""SANDS, Charles Edward"",Men,Individual,Gold,United States,USA,321418820.0,56115.7184261955,summer,1.75,6.38,2.38,3.25,4.0,6.0,2.5,6.13,51.0,1.63,3.88,37.875"
"1900-01-01,Paris,Golf,Golf,""RUTHERFORD, Walter"",Men,Individual,Silver,United Kingdom,GBR,65138232.0,43875.9696143686,summer,1.75,6.38,2.38,3.25,4.0,6.0,2.5,6.13,51.0,1.63,3.88,37.875"
"1900-01-01,Paris,Golf,Golf,""PRATT, Daria"",Women,Individual,Bronze,United States,USA,321418820.0,56115.7184261955,summer,1.75,6.38,2.38,3.25,4.0,6.0,2.5,6.13,51.0,1.63,3.88,37.875"
"1900-01-01,Paris,Golf,Golf,""ABBOTT, Margaret Ives"",Women,Individual,Gold,United States,USA,321418820.0,56115.7184261955,summer,1.75,6.38,2.38,3.25,4.0,6.0,2.5,6.13,51.0,1.63,3.88,37.875"
"1900-01-01,Paris,Golf,Golf,""WHITTIER, Pauline"",Women,Individual,Silver,United States,USA,321418820.0,56115.7184261955,summer,1.75,6.38,2.38,3.25,4.0,6.0,2.5,6.13,51.0,1.63,3.88,37.875"
"1900-01-01,Paris,Rowing,Rowing,""BRANDT, Francois Antoine"",Men,Eight With Coxswain (8+),Bronze,Netherlands,NED,16936520.0,44299.768085382995,summer,2.5,3.63,4.38,8.1300000000000008,4.0,2.88,1.75,7.13,39.0,4.0,7.75,46.125"
"1900-01-01,Paris,Rowing,Rowing,""BROCKMANN, Hermanus Gerardus"",Men,Eight With Coxswain (8+),Bronze,Netherlands,NED,16936520.0,44299.768085382995,summer,2.5,3.63,4.38,8.1300000000000008,4.0,2.88,1.75,7.13,39.0,4.0,7.75,46.125"
"1900-01-01,Paris,Rowing,Rowing,""KLEIN, Roelof"",Men,Eight With Coxswain (8+),Bronze,Netherlands,NED,16936520.0,44299.768085382995,summer,2.5,3.63,4.38,8.1300000000000008,4.0,2.88,1.75,7.13,39.0,4.0,7.75,46.125"
"1900-01-01,Paris,Rowing,Rowing,""LEEGSTRA, Ruud Gerbens"",Men,Eight With Coxswain (8+),Bronze,Netherlands,NED,16936520.0,44299.768085382995,summer,2.5,3.63,4.38,8.1300000000000008,4.0,2.88,1.75,7.13,39.0,4.0,7.75,46.125"
"1900-01-01,Paris,Rowing,Rowing,""MIDDELBERG, Walter"",Men,Eight With Coxswain (8+),Bronze,Netherlands,NED,16936520.0,44299.768085382995,summer,2.5,3.63,4.38,8.1300000000000008,4.0,2.88,1.75,7.13,39.0,4.0,7.75,46.125"
"1900-01-01,Paris,Rowing,Rowing,""OFFERHAUS, Hendrik Karel"",Men,Eight With Coxswain (8+),Bronze,Netherlands,NED,16936520.0,44299.768085382995,summer,2.5,3.63,4.38,8.1300000000000008,4.0,2.88,1.75,7.13,39.0,4.0,7.75,46.125"
"1900-01-01,Paris,Rowing,Rowing,""THIJSSEN, Walter"",Men,Eight With Coxswain (8+),Bronze,Netherlands,NED,16936520.0,44299.768085382995,summer,2.5,3.63,4.38,8.1300000000000008,4.0,2.88,1.75,7.13,39.0,4.0,7.75,46.125"

"1900-01-01,Paris,Rowing,Rowing,""VAN DIJK, Johannes Wilhelmus Maria"",Men,Eight With Coxswain (8+),Bronze,Netherlands,NED,16936520.0,44299.768085382995,summer,2.5,3.63,4.38,8.1300000000000008,4.0,2.88,1.75,7.13,39.0,4.0,7.75,46.125"
"1900-01-01,Paris,Rowing,Rowing,""ABELL, Louis"",Men,Eight With Coxswain (8+),Gold,United States,USA,321418820.0,56115.7184261955,summer,2.5,3.63,4.38,8.1300000000000008,4.0,2.88,1.75,7.13,39.0,4.0,7.75,46.125"
"1900-01-01,Paris,Rowing,Rowing,""CARR, William"",Men,Eight With Coxswain (8+),Gold,United States,USA,321418820.0,56115.7184261955,summer,2.5,3.63,4.38,8.1300000000000008,4.0,2.88,1.75,7.13,39.0,4.0,7.75,46.125"
"1900-01-01,Paris,Rowing,Rowing,""DEBAECKE, Harry"",Men,Eight With Coxswain (8+),Gold,United States,USA,321418820.0,56115.7184261955,summer,2.5,3.63,4.38,8.1300000000000008,4.0,2.88,1.75,7.13,39.0,4.0,7.75,46.125"
"1900-01-01,Paris,Rowing,Rowing,""EXLEY, John"",Men,Eight With Coxswain (8+),Gold,United States,USA,321418820.0,56115.7184261955,summer,2.5,3.63,4.38,8.1300000000000008,4.0,2.88,1.75,7.13,39.0,4.0,7.75,46.125"
"1900-01-01,Paris,Rowing,Rowing,""GEIGER, John"",Men,Eight With Coxswain (8+),Gold,United States,USA,321418820.0,56115.7184261955,summer,2.5,3.63,4.38,8.1300000000000008,4.0,2.88,1.75,7.13,39.0,4.0,7.75,46.125"
"1900-01-01,Paris,Rowing,Rowing,""HEDLEY, Edward"",Men,Eight With Coxswain (8+),Gold,United States,USA,321418820.0,56115.7184261955,summer,2.5,3.63,4.38,8.1300000000000008,4.0,2.88,1.75,7.13,39.0,4.0,7.75,46.125"
"1900-01-01,Paris,Rowing,Rowing,""JUVENAL, James"",Men,Eight With Coxswain (8+),Gold,United States,USA,321418820.0,56115.7184261955,summer,2.5,3.63,4.38,8.1300000000000008,4.0,2.88,1.75,7.13,39.0,4.0,7.75,46.125"
"1900-01-01,Paris,Rowing,Rowing,""LOCKWOOD, Roscoe"",Men,Eight With Coxswain (8+),Gold,United States,USA,321418820.0,56115.7184261955,summer,2.5,3.63,4.38,8.1300000000000008,4.0,2.88,1.75,7.13,39.0,4.0,7.75,46.125"
"1900-01-01,Paris,Rowing,Rowing,""MARSH, Edward"",Men,Eight With Coxswain (8+),Gold,United States,USA,321418820.0,56115.7184261955,summer,2.5,3.63,4.38,8.1300000000000008,4.0,2.88,1.75,7.13,39.0,4.0,7.75,46.125"
"1900-01-01,Paris,Rowing,Rowing,""BRUGGEMAN, Prospère"",Men,Eight With Coxswain (8+),Silver,Belgium,BEL,11285721.0,40324.0277657215,summer,2.5,3.63,4.38,8.1300000000000008,4.0,2.88,1.75,7.13,39.0,4.0,7.75,46.125"
"1900-01-01,Paris,Rowing,Rowing,""DE BISSCHOP, Jules"",Men,Eight With Coxswain (8+),Silver,Belgium,BEL,11285721.0,40324.0277657215,summer,2.5,3.63,4.38,8.1300000000000008,4.0,2.88,1.75,7.13,39.0,4.0,7.75,46.125"
"1900-01-01,Paris,Rowing,Rowing,""DE COCK, Oscar"",Men,Eight With Coxswain (8+),Silver,Belgium,BEL,11285721.0,40324.0277657215,summer,2.5,3.63,4.38,8.1300000000000008,4.0,2.88,1.75,7.13,39.0,4.0,7.75,46.125"
"1900-01-01,Paris,Rowing,Rowing,""DE SOMVILLE, Oscar Charles"",Men,Eight With Coxswain (8+),Silver,Belgium,BEL,11285721.0,40324.0277657215,summer,2.5,3.63,4.38,8.1300000000000008,4.0,2.88,1.75,7.13,39.0,4.0,7.75,46.125"
"1900-01-01,Paris,Rowing,Rowing,""HEMELSOET, Maurice"",Men,Eight With Coxswain (8+),Silver,Belgium,BEL,11285721.0,40324.0277657215,summer,2.5,3.63,4.38,8.1300000000000008,4.0,2.88,1.75,7.13,39.0,4.0,7.75,46.125"
"1900-01-01,Paris,Rowing,Rowing,""ODBERG, Frank"",Men,Eight With Coxswain (8+),Silver,Belgium,BEL,11285721.0,40324.0277657215,summer,2.5,3.63,4.38,8.1300000000000008,4.0,2.88,1.75,7.13,39.0,4.0,7.75,46.125"
"1900-01-01,Paris,Rowing,Rowing,""VAN CROMBRUGGHE, Marcel Lucien"",Men,Eight With Coxswain (8+),Silver,Belgium,BEL,11285721.0,40324.0277657215,summer,2.5,3.63,4.38,8.1300000000000008,4.0,2.88,1.75,7.13,39.0,4.0,7.75,46.125"
"1900-01-01,Paris,Rowing,Rowing,""VAN LANDEGHEM, Alfred"",Men,Eight With Coxswain (8+),Silver,Belgium,BEL,11285721.0,40324.0277657215,summer,2.5,3.63,4.38,8.1300000000000008,4.0,2.88,1.75,7.13,39.0,4.0,7.75,46.125"
"1900-01-01,Paris,Rowing,Rowing,""VERDONCK, Maurice"",Men,Eight With Coxswain (8+),Silver,Belgium,BEL,11285721.0,40324.0277657215,summer,2.5,3.63,4.38,8.1300000000000008,4.0,2.88,1.75,7.13,39.0,4.0,7.75,46.125"
"1900-01-01,Paris,Rowing,Rowing,""CARSTENS, Wilhelm"",Men,Four-Oared Shell With Coxswain (4-),Bronze,Germany,GER,81413145.0,41313.3139945434,summer,2.5,3.63,4.38,8.1300000000000008,4.0,2.88,1.75,7.13,39.0,4.0,7.75,46.125"
"1900-01-01,Paris,Rowing,Rowing,""FELLE, Ernst"",Men,Four-Oared Shell With Coxswain (4-),Bronze,Germany,GER,81413145.0,41313.3139945434,summer,2.5,3.63,4.38,8.1300000000000008,4.0,2.88,1.75,7.13,39.0,4.0,7.75,46.125"
"1900-01-01,Paris,Rowing,Rowing,""FICKEISEN, Otto"",Men,Four-Oared Shell With Coxswain (4-),Bronze,Germany,GER,81413145.0,41313.3139945434,summer,2.5,3.63,4.38,8.1300000000000008,4.0,2.88,1.75,7.13,39.0,4.0,7.75,46.125"
"1900-01-01,Paris,Rowing,Rowing,""KÖRNER, Julius"",Men,Four-Oared Shell With Coxswain (4-),Bronze,Germany,GER,81413145.0,41313.3139945434,summer,2.5,3.63,4.38,8.1300000000000008,4.0,2.88,1.75,7.13,39.0,4.0,7.75,46.125"
"1900-01-01,Paris,Rowing,Rowing,""KRÖWERATH, Franz"",Men,Four-Oared Shell With Coxswain (4-),Bronze,Germany,GER,81413145.0,41313.3139945434,summer,2.5,3.63,4.38,8.1300000000000008,4.0,2.88,1.75,7.13,39.0,4.0,7.75,46.125"
"1900-01-01,Paris,Rowing,Rowing,""LEHLE, Carl"",Men,Four-Oared Shell With Coxswain (4-),Bronze,Germany,GER,81413145.0,41313.3139945434,summer,2.5,3.63,4.38,8.1300000000000008,4.0,2.88,1.75,7.13,39.0,4.0,7.75,46.125"
"1900-01-01,Paris,Rowing,Rowing,""MÖLLER, Adolf"",Men,Four-Oared Shell With Coxswain (4-),Bronze,Germany,GER,81413145.0,41313.3139945434,summer,2.5,3.63,4.38,8.1300000000000008,4.0,2.88,1.75,7.13,39.0,4.0,7.75,46.125"
"1900-01-01,Paris,Rowing,Rowing,""MOTHS, Gustav Adolf"",Men,Four-Oared Shell With Coxswain (4-),Bronze,Germany,GER,81413145.0,41313.3139945434,summer,2.5,3.63,4.38,8.1300000000000008,4.0,2.88,1.75,7.13,39.0,4.0,7.75,46.125"
"1900-01-01,Paris,Rowing,Rowing,""RÜSTER, Hugo"",Men,Four-Oared Shell With Coxswain (4-),Bronze,Germany,GER,81413145.0,41313.3139945434,summer,2.5,3.63,4.38,8.1300000000000008,4.0,2.88,1.75,7.13,39.0,4.0,7.75,46.125"
"1900-01-01,Paris,Rowing,Rowing,""WILKER, Hermann"",Men,Four-Oared Shell With Coxswain (4-),Bronze,Germany,GER,81413145.0,41313.3139945434,summer,2.5,3.63,4.38,8.1300000000000008,4.0,2.88,1.75,7.13,39.0,4.0,7.75,46.125"
"1900-01-01,Paris,Rowing,Rowing,""BOUCKAERT, Henri"",Men,Four-Oared Shell With Coxswain (4-),Gold,France,FRA,66808385.0,36205.5681017036,summer,2.5,3.63,4.38,8.1300000000000008,4.0,2.88,1.75,7.13,39.0,4.0,7.75,46.125"
"1900-01-01,Paris,Rowing,Rowing,""CAU, Jean"",Men,Four-Oared Shell With Coxswain (4-),Gold,France,FRA,66808385.0,36205.5681017036,summer,2.5,3.63,4.38,8.1300000000000008,4.0,2.88,1.75,7.13,39.0,4.0,7.75,46.125"
1900-01-01,Paris,Rowing,Rowing,CHARLOT,Men,Four-Oared Shell With Coxswain (4-),Gold,France,FRA,66808385.0,36205.5681017036,summer,2.5,3.63,4.38,8.1300000000000008,4.0,2.88,1.75,7.13,39.0,4.0,7.75,46.125
"1900-01-01,Paris,Rowing,Rowing,""DELCHAMBRE, Emile"",Men,Four-Oared Shell With Coxswain (4-),Gold,France,FRA,66808385.0,36205.5681017036,summer,2.5,3.63,4.38,8.1300000000000008,4.0,2.88,1.75,7.13,39.0,4.0,7.75,46.125"
"1900-01-01,Paris,Rowing,Rowing,""GOSSLER, Carl Heinrich"",Men,Four-Oared Shell With Coxswain (4-),Gold,Germany,GER,81413145.0,41313.3139945434,summer,2.5,3.63,4.38,8.1300000000000008,4.0,2.88,1.75,7.13,39.0,4.0,7.75,46.125"
"1900-01-01,Paris,Rowing,Rowing,""GOSSLER, Gustav Ludwig"",Men,Four-Oared Shell With Coxswain (4-),Gold,Germany,GER,81413145.0,41313.3139945434,summer,2.5,3.63,4.38,8.1300000000000008,4.0,2.88,1.75,7.13,39.0,4.0,7.75,46.125"
"1900-01-01,Paris,Rowing,Rowing,""GOSSLER, Oscar"",Men,Four-Oared Shell With Coxswain (4-),Gold,Germany,GER,81413145.0,41313.3139945434,summer,2.5,3.63,4.38,8.1300000000000008,4.0,2.88,1.75,7.13,39.0,4.0,7.75,46.125"
"1900-01-01,Paris,Rowing,Rowing,""HAZEBROUCK, Henri"",Men,Four-Oared Shell With Coxswain (4-),Gold,France,FRA,66808385.0,36205.5681017036,summer,2.5,3.63,4.38,8.1300000000000008,4.0,2.88,1.75,7.13,39.0,4.0,7.75,46.125"
"1900-01-01,Paris,Rowing,Rowing,""KATZENSTEIN, Walther"",Men,Four-Oared Shell With Coxswain (4-),Gold,Germany,GER,81413145.0,41313.3139945434,summer,2.5,3.63,4.38,8.1300000000000008,4.0,2.88,1.75,7.13,39.0,4.0,7.75,46.125"
"1900-01-01,Paris,Rowing,Rowing,""TIETGENS, Waldemar"",Men,Four-Oared Shell With Coxswain (4-),Gold,Germany,GER,81413145.0,41313.3139945434,summer,2.5,3.63,4.38,8.1300000000000008,4.0,2.88,1.75,7.13,39.0,4.0,7.75,46.125"
"1900-01-01,Paris,Rowing,Rowing,""BROCKMANN, Hermanus Gerardus"",Men,Four-Oared Shell With Coxswain (4-),Silver,Netherlands,NED,16936520.0,44299.768085382995,summer,2.5,3.63,4.38,8.1300000000000008,4.0,2.88,1.75,7.13,39.0,4.0,7.75,46.125"
"1900-01-01,Paris,Rowing,Rowing,""HIEBENDAAI, Coenraad Christiaan"",Men,Four-Oared Shell With Coxswain (4-),Silver,Netherlands,NED,16936520.0,44299.768085382995,summer,2.5,3.63,4.38,8.1300000000000008,4.0,2.88,1.75,7.13,39.0,4.0,7.75,46.125"
"1900-01-01,Paris,Rowing,Rowing,""LOTSY, Gerhard Oswald"",Men,Four-Oared Shell With Coxswain (4-),Silver,Netherlands,NED,16936520.0,44299.768085382995,summer,2.5,3.63,4.38,8.1300000000000008,4.0,2.88,1.75,7.13,39.0,4.0,7.75,46.125"
"1900-01-01,Paris,Rowing,Rowing,""LOTSY, Paulus Jan"",Men,Four-Oared Shell With Coxswain (4-),Silver,Netherlands,NED,16936520.0,44299.768085382995,summer,2.5,3.63,4.38,8.1300000000000008,4.0,2.88,1.75,7.13,39.0,4.0,7.75,46.125"
"1900-01-01,Paris,Rowing,Rowing,""LUMPP, Georges"",Men,Four-Oared Shell With Coxswain (4-),Silver,France,FRA,66808385.0,36205.5681017036,summer,2.5,3.63,4.38,8.1300000000000008,4.0,2.88,1.75,7.13,39.0,4.0,7.75,46.125"
"1900-01-01,Paris,Rowing,Rowing,""PERRIN, Charles"",Men,Four-Oared Shell With Coxswain (4-),Silver,France,FRA,66808385.0,36205.5681017036,summer,2.5,3.63,4.38,8.1300000000000008,4.0,2.88,1.75,7.13,39.0,4.0,7.75,46.125"
"1900-01-01,Paris,Rowing,Rowing,""SOUBEYRAN, Daniel"",Men,Four-Oared Shell With Coxswain (4-),Silver,France,FRA,66808385.0,36205.5681017036,summer,2.5,3.63,4.38,8.1300000000000008,4.0,2.88,1.75,7.13,39.0,4.0,7.75,46.125"
"1900-01-01,Paris,Rowing,Rowing,""TERWOGT, Johannes Hester Lambertus"",Men,Four-Oared Shell With Coxswain (4-),Silver,Netherlands,NED,16936520.0,44299.768085382995,summer,2.5,3.63,4.38,8.1300000000000008,4.0,2.88,1.75,7.13,39.0,4.0,7.75,46.125"
"1900-01-01,Paris,Rowing,Rowing,""WEGELIN, Emile"",Men,Four-Oared Shell With Coxswain (4-),Silver,France,FRA,66808385.0,36205.5681017036,summer,2.5,3.63,4.38,8.1300000000000008,4.0,2.88,1.75,7.13,39.0,4.0,7.75,46.125"
"1900-01-01,Paris,Rowing,Rowing,""DELTOUR, Carlos"",Men,Pair-Oared Shell With Coxswain (2+),Bronze,France,FRA,66808385.0,36205.5681017036,summer,2.5,3.63,4.38,8.1300000000000008,4.0,2.88,1.75,7.13,39.0,4.0,7.75,46.125"
"1900-01-01,Paris,Rowing,Rowing,""PAOLI, Raoul"",Men,Pair-Oared Shell With Coxswain (2+),Bronze,France,FRA,66808385.0,36205.5681017036,summer,2.5,3.63,4.38,8.1300000000000008,4.0,2.88,1.75,7.13,39.0,4.0,7.75,46.125"
"1900-01-01,Paris,Rowing,Rowing,""VEDRENNE, Antoine Erneste"",Men,Pair-Oared Shell With Coxswain (2+),Bronze,France,FRA,66808385.0,36205.5681017036,summer,2.5,3.63,4.38,8.1300000000000008,4.0,2.88,1.75,7.13,39.0,4.0,7.75,46.125"
"1900-01-01,Paris,Rowing,Rowing,""MARTINET, Louis"",Men,Pair-Oared Shell With Coxswain (2+),Silver,France,FRA,66808385.0,36205.5681017036,summer,2.5,3.63,4.38,8.1300000000000008,4.0,2.88,1.75,7.13,39.0,4.0,7.75,46.125"
1900-01-01,Paris,Rowing,Rowing,UNKNOWN COX / BARREUR INCONNU,Men,Pair-Oared Shell With Coxswain (2+),Silver,France,FRA,66808385.0,36205.5681017036,summer,2.5,3.63,4.38,8.1300000000000008,4.0,2.88,1.75,7.13,39.0,4.0,7.75,46.125
1900-01-01,Paris,Rowing,Rowing,WALEFF,Men,Pair-Oared Shell With Coxswain (2+),Silver,France,FRA,66808385.0,36205.5681017036,summer,2.5,3.63,4.38,8.1300000000000008,4.0,2.88,1.75,7.13,39.0,4.0,7.75,46.125
"1900-01-01,Paris,Rowing,Rowing,""ASHE, Saint-George"",Men,Single Sculls (1X),Bronze,United Kingdom,GBR,65138232.0,43875.9696143686,summer,2.5,3.63,4.38,8.1300000000000008,4.0,2.88,1.75,7.13,39.0,4.0,7.75,46.125"
"1900-01-01,Paris,Rowing,Rowing,""BARRELET, Henri"",Men,Single Sculls (1X),Gold,France,FRA,66808385.0,36205.5681017036,summer,2.5,3.63,4.38,8.1300000000000008,4.0,2.88,1.75,7.13,39.0,4.0,7.75,46.125"
"1900-01-01,Paris,Rowing,Rowing,""GAUDIN, André"",Men,Single Sculls (1X),Silver,France,FRA,66808385.0,36205.5681017036,summer,2.5,3.63,4.38,8.1300000000000008,4.0,2.88,1.75,7.13,39.0,4.0,7.75,46.125"
"1900-01-01,Paris,Rugby,Rugby,""AITOFF, Vladimir"",Men,Rugby,Gold,France,FRA,66808385.0,36205.5681017036,summer,6.0,5.63,7.88,6.75,4.13,4.38,6.5,6.38,13.0,5.88,7.0,60.5"
"1900-01-01,Paris,Rugby,Rugby,""ALBERT, A."",Men,Rugby,Gold,France,FRA,66808385.0,36205.5681017036,summer,6.0,5.63,7.88,6.75,4.13,4.38,6.5,6.38,13.0,5.88,7.0,60.5"
"1900-01-01,Paris,Rugby,Rugby,""BINOCHE, Jean, LÃ©on"",Men,Rugby,Gold,France,FRA,66808385.0,36205.5681017036,summer,6.0,5.63,7.88,6.75,4.13,4.38,6.5,6.38,13.0,5.88,7.0,60.5"
"1900-01-01,Paris,Rugby,Rugby,""COLLAS, Jean"",Men,Rugby,Gold,France,FRA,66808385.0,36205.5681017036,summer,6.0,5.63,7.88,6.75,4.13,4.38,6.5,6.38,13.0,5.88,7.0,60.5"
"1900-01-01,Paris,Rugby,Rugby,""GAUTIER, Jean Guy"",Men,Rugby,Gold,France,FRA,66808385.0,36205.5681017036,summer,6.0,5.63,7.88,6.75,4.13,4.38,6.5,6.38,13.0,5.88,7.0,60.5"
"1900-01-01,Paris,Rugby,Rugby,""GIROUX, Auguste"",Men,Rugby,Gold,France,FRA,66808385.0,36205.5681017036,summer,6.0,5.63,7.88,6.75,4.13,4.38,6.5,6.38,13.0,5.88,7.0,60.5"
"1900-01-01,Paris,Rugby,Rugby,""GONDOUIN, Charles"",Men,Rugby,Gold,France,FRA,66808385.0,36205.5681017036,summer,6.0,5.63,7.88,6.75,4.13,4.38,6.5,6.38,13.0,5.88,7.0,60.5"
"1900-01-01,Paris,Rugby,Rugby,""HENRIQUEZ DE ZUBIERRA, Constantin"",Men,Rugby,Gold,France,FRA,66808385.0,36205.5681017036,summer,6.0,5.63,7.88,6.75,4.13,4.38,6.5,6.38,13.0,5.88,7.0,60.5"
"1900-01-01,Paris,Rugby,Rugby,""HERVE, Jean"",Men,Rugby,Gold,France,FRA,66808385.0,36205.5681017036,summer,6.0,5.63,7.88,6.75,4.13,4.38,6.5,6.38,13.0,5.88,7.0,60.5"
"1900-01-01,Paris,Rugby,Rugby,""LARDANCHET, Victor"",Men,Rugby,Gold,France,FRA,66808385.0,36205.5681017036,summer,6.0,5.63,7.88,6.75,4.13,4.38,6.5,6.38,13.0,5.88,7.0,60.5"
"1900-01-01,Paris,Rugby,Rugby,""LEFEBVRE, Hubert"",Men,Rugby,Gold,France,FRA,66808385.0,36205.5681017036,summer,6.0,5.63,7.88,6.75,4.13,4.38,6.5,6.38,13.0,5.88,7.0,60.5"
"1900-01-01,Paris,Rugby,Rugby,""OLIVIER, Joseph"",Men,Rugby,Gold,France,FRA,66808385.0,36205.5681017036,summer,6.0,5.63,7.88,6.75,4.13,4.38,6.5,6.38,13.0,5.88,7.0,60.5"
"1900-01-01,Paris,Rugby,Rugby,""PHARAMOND, Alexandre"",Men,Rugby,Gold,France,FRA,66808385.0,36205.5681017036,summer,6.0,5.63,7.88,6.75,4.13,4.38,6.5,6.38,13.0,5.88,7.0,60.5"
"1900-01-01,Paris,Rugby,Rugby,""REICHEL, Frantz"",Men,Rugby,Gold,France,FRA,66808385.0,36205.5681017036,summer,6.0,5.63,7.88,6.75,4.13,4.38,6.5,6.38,13.0,5.88,7.0,60.5"
"1900-01-01,Paris,Rugby,Rugby,""RISCHMANN, André"",Men,Rugby,Gold,France,FRA,66808385.0,36205.5681017036,summer,6.0,5.63,7.88,6.75,4.13,4.38,6.5,6.38,13.0,5.88,7.0,60.5"
"1900-01-01,Paris,Rugby,Rugby,""ROOSEVELT, Albert"",Men,Rugby,Gold,France,FRA,66808385.0,36205.5681017036,summer,6.0,5.63,7.88,6.75,4.13,4.38,6.5,6.38,13.0,5.88,7.0,60.5"
"1900-01-01,Paris,Rugby,Rugby,""SARRADE, Emile"",Men,Rugby,Gold,France,FRA,66808385.0,36205.5681017036,summer,6.0,5.63,7.88,6.75,4.13,4.38,6.5,6.38,13.0,5.88,7.0,60.5"
"1900-01-01,Paris,Rugby,Rugby,""AMRHEIN, Albert"",Men,Rugby,Silver,Germany,GER,81413145.0,41313.3139945434,summer,6.0,5.63,7.88,6.75,4.13,4.38,6.5,6.38,13.0,5.88,7.0,60.5"
"1900-01-01,Paris,Rugby,Rugby,""BAYLISS, F.C."",Men,Rugby,Silver,United Kingdom,GBR,65138232.0,43875.9696143686,summer,6.0,5.63,7.88,6.75,4.13,4.38,6.5,6.38,13.0,5.88,7.0,60.5"
"1900-01-01,Paris,Rugby,Rugby,""BETTING, Hugo"",Men,Rugby,Silver,Germany,GER,81413145.0,41313.3139945434,summer,6.0,5.63,7.88,6.75,4.13,4.38,6.5,6.38,13.0,5.88,7.0,60.5"
"1900-01-01,Paris,Rugby,Rugby,""BIRTLES, J.Henry"",Men,Rugby,Silver,United Kingdom,GBR,65138232.0,43875.9696143686,summer,6.0,5.63,7.88,6.75,4.13,4.38,6.5,6.38,13.0,5.88,7.0,60.5"
"1900-01-01,Paris,Rugby,Rugby,""CAUTLON, J."",Men,Rugby,Silver,United Kingdom,GBR,65138232.0,43875.9696143686,summer,6.0,5.63,7.88,6.75,4.13,4.38,6.5,6.38,13.0,5.88,7.0,60.5"
"1900-01-01,Paris,Rugby,Rugby,""DARBY, Artur John"",Men,Rugby,Silver,United Kingdom,GBR,65138232.0,43875.9696143686,summer,6.0,5.63,7.88,6.75,4.13,4.38,6.5,6.38,13.0,5.88,7.0,60.5"
"1900-01-01,Paris,Rugby,Rugby,""DEYKIN, C.P."",Men,Rugby,Silver,United Kingdom,GBR,65138232.0,43875.9696143686,summer,6.0,5.63,7.88,6.75,4.13,4.38,6.5,6.38,13.0,5.88,7.0,60.5"
"1900-01-01,Paris,Rugby,Rugby,""HERRMANN, Jacob"",Men,Rugby,Silver,Germany,GER,81413145.0,41313.3139945434,summer,6.0,5.63,7.88,6.75,4.13,4.38,6.5,6.38,13.0,5.88,7.0,60.5"
"1900-01-01,Paris,Rugby,Rugby,""HOFMEISTER, Willy"",Men,Rugby,Silver,Germany,GER,81413145.0,41313.3139945434,summer,6.0,5.63,7.88,6.75,4.13,4.38,6.5,6.38,13.0,5.88,7.0,60.5"
"1900-01-01,Paris,Rugby,Rugby,""HOOD, L."",Men,Rugby,Silver,United Kingdom,GBR,65138232.0,43875.9696143686,summer,6.0,5.63,7.88,6.75,4.13,4.38,6.5,6.38,13.0,5.88,7.0,60.5"
"1900-01-01,Paris,Rugby,Rugby,""KREUZER, Hermann"",Men,Rugby,Silver,Germany,GER,81413145.0,41313.3139945434,summer,6.0,5.63,7.88,6.75,4.13,4.38,6.5,6.38,13.0,5.88,7.0,60.5"
"1900-01-01,Paris,Rugby,Rugby,""LANDVOIGT, Arnold"",Men,Rugby,Silver,Germany,GER,81413145.0,41313.3139945434,summer,6.0,5.63,7.88,6.75,4.13,4.38,6.5,6.38,13.0,5.88,7.0,60.5"
"1900-01-01,Paris,Rugby,Rugby,""LATSCHA, Hans"",Men,Rugby,Silver,Germany,GER,81413145.0,41313.3139945434,summer,6.0,5.63,7.88,6.75,4.13,4.38,6.5,6.38,13.0,5.88,7.0,60.5"
"1900-01-01,Paris,Rugby,Rugby,""LOGAN, M.L."",Men,Rugby,Silver,United Kingdom,GBR,65138232.0,43875.9696143686,summer,6.0,5.63,7.88,6.75,4.13,4.38,6.5,6.38,13.0,5.88,7.0,60.5"
"1900-01-01,Paris,Rugby,Rugby,""LOVEITT, H.A."",Men,Rugby,Silver,United Kingdom,GBR,65138232.0,43875.9696143686,summer,6.0,5.63,7.88,6.75,4.13,4.38,6.5,6.38,13.0,5.88,7.0,60.5"
"1900-01-01,Paris,Rugby,Rugby,""LUDWIG, Erich"",Men,Rugby,Silver,Germany,GER,81413145.0,41313.3139945434,summer,6.0,5.63,7.88,6.75,4.13,4.38,6.5,6.38,13.0,5.88,7.0,60.5"
"1900-01-01,Paris,Rugby,Rugby,""LUDWIG, Richard"",Men,Rugby,Silver,Germany,GER,81413145.0,41313.3139945434,summer,6.0,5.63,7.88,6.75,4.13,4.38,6.5,6.38,13.0,5.88,7.0,60.5"
"1900-01-01,Paris,Rugby,Rugby,""MÜLLER, Fritz"",Men,Rugby,Silver,Germany,GER,81413145.0,41313.3139945434,summer,6.0,5.63,7.88,6.75,4.13,4.38,6.5,6.38,13.0,5.88,7.0,60.5"
"1900-01-01,Paris,Rugby,Rugby,""NICOL, N.S."",Men,Rugby,Silver,United Kingdom,GBR,65138232.0,43875.9696143686,summer,6.0,5.63,7.88,6.75,4.13,4.38,6.5,6.38,13.0,5.88,7.0,60.5"
"1900-01-01,Paris,Rugby,Rugby,""POPPE, Eduard"",Men,Rugby,Silver,Germany,GER,81413145.0,41313.3139945434,summer,6.0,5.63,7.88,6.75,4.13,4.38,6.5,6.38,13.0,5.88,7.0,60.5"
"1900-01-01,Paris,Rugby,Rugby,""REITZ, Heinrich"",Men,Rugby,Silver,Germany,GER,81413145.0,41313.3139945434,summer,6.0,5.63,7.88,6.75,4.13,4.38,6.5,6.38,13.0,5.88,7.0,60.5"
"1900-01-01,Paris,Rugby,Rugby,""SCHMIERER, August"",Men,Rugby,Silver,Germany,GER,81413145.0,41313.3139945434,summer,6.0,5.63,7.88,6.75,4.13,4.38,6.5,6.38,13.0,5.88,7.0,60.5"
"1900-01-01,Paris,Rugby,Rugby,""SMITH, V."",Men,Rugby,Silver,United Kingdom,GBR,65138232.0,43875.9696143686,summer,6.0,5.63,7.88,6.75,4.13,4.38,6.5,6.38,13.0,5.88,7.0,60.5"
"1900-01-01,Paris,Rugby,Rugby,""STOCKHAUSEN, Adolf"",Men,Rugby,Silver,Germany,GER,81413145.0,41313.3139945434,summer,6.0,5.63,7.88,6.75,4.13,4.38,6.5,6.38,13.0,5.88,7.0,60.5"
"1900-01-01,Paris,Rugby,Rugby,""TALBOT, M.W."",Men,Rugby,Silver,United Kingdom,GBR,65138232.0,43875.9696143686,summer,6.0,5.63,7.88,6.75,4.13,4.38,6.5,6.38,13.0,5.88,7.0,60.5"
"1900-01-01,Paris,Rugby,Rugby,""WALLIS, J.G."",Men,Rugby,Silver,United Kingdom,GBR,65138232.0,43875.9696143686,summer,6.0,5.63,7.88,6.75,4.13,4.38,6.5,6.38,13.0,5.88,7.0,60.5"
"1900-01-01,Paris,Rugby,Rugby,""WENDEROTH, Georg"",Men,Rugby,Silver,Germany,GER,81413145.0,41313.3139945434,summer,6.0,5.63,7.88,6.75,4.13,4.38,6.5,6.38,13.0,5.88,7.0,60.5"
"1900-01-01,Paris,Rugby,Rugby,""WHITTINDALE, Claud"",Men,Rugby,Silver,United Kingdom,GBR,65138232.0,43875.9696143686,summer,6.0,5.63,7.88,6.75,4.13,4.38,6.5,6.38,13.0,5.88,7.0,60.5"
"1900-01-01,Paris,Rugby,Rugby,""WHITTINDALE, Raymond"",Men,Rugby,Silver,United Kingdom,GBR,65138232.0,43875.9696143686,summer,6.0,5.63,7.88,6.75,4.13,4.38,6.5,6.38,13.0,5.88,7.0,60.5"
"1900-01-01,Paris,Rugby,Rugby,""WILSON, Francis Henry"",Men,Rugby,Silver,United Kingdom,GBR,65138232.0,43875.9696143686,summer,6.0,5.63,7.88,6.75,4.13,4.38,6.5,6.38,13.0,5.88,7.0,60.5"
"1900-01-01,Paris,Shooting,Shooting,""BALME, Eugène"",Men,25M Rapid Fire Pistol (60 Shots),Bronze,France,FRA,66808385.0,36205.5681017036,summer,1.13,4.0,1.88,2.25,1.75,6.75,2.38,1.38,58.0,0.88,2.5,24.875"
"1900-01-01,Paris,Shooting,Shooting,""LARROUY, Maurice"",Men,25M Rapid Fire Pistol (60 Shots),Gold,France,FRA,66808385.0,36205.5681017036,summer,1.13,4.0,1.88,2.25,1.75,6.75,2.38,1.38,58.0,0.88,2.5,24.875"
"1900-01-01,Paris,Shooting,Shooting,""MOREAUX, Léon"",Men,25M Rapid Fire Pistol (60 Shots),Silver,France,FRA,66808385.0,36205.5681017036,summer,1.13,4.0,1.88,2.25,1.75,6.75,2.38,1.38,58.0,0.88,2.5,24.875"
"1900-01-01,Paris,Shooting,Shooting,""BOUWENS, Antonius"",Men,""50M Army Pistol, Team"",Bronze,Netherlands,NED,16936520.0,44299.768085382995,summer,1.13,4.0,1.88,2.25,1.75,6.75,2.38,1.38,58.0,0.88,2.5,24.875"
"1900-01-01,Paris,Shooting,Shooting,""SILLEM, Henrik"",Men,""50M Army Pistol, Team"",Bronze,Netherlands,NED,16936520.0,44299.768085382995,summer,1.13,4.0,1.88,2.25,1.75,6.75,2.38,1.38,58.0,0.88,2.5,24.875"
"1900-01-01,Paris,Shooting,Shooting,""SWEYS, Anthony Ahasuerus"",Men,""50M Army Pistol, Team"",Bronze,Netherlands,NED,16936520.0,44299.768085382995,summer,1.13,4.0,1.88,2.25,1.75,6.75,2.38,1.38,58.0,0.88,2.5,24.875"
"1900-01-01,Paris,Shooting,Shooting,""VAN DEN BERGH, Solko Johannes"",Men,""50M Army Pistol, Team"",Bronze,Netherlands,NED,16936520.0,44299.768085382995,summer,1.13,4.0,1.88,2.25,1.75,6.75,2.38,1.38,58.0,0.88,2.5,24.875"
"1900-01-01,Paris,Shooting,Shooting,""VAN HAAN, Gerardus"",Men,""50M Army Pistol, Team"",Bronze,Netherlands,NED,16936520.0,44299.768085382995,summer,1.13,4.0,1.88,2.25,1.75,6.75,2.38,1.38,58.0,0.88,2.5,24.875"
"1900-01-01,Paris,Shooting,Shooting,""LÜTHI, Friedrich"",Men,""50M Army Pistol, Team"",Gold,Switzerland,SUI,8286976.0,80945.0792194742,summer,1.13,4.0,1.88,2.25,1.75,6.75,2.38,1.38,58.0,0.88,2.5,24.875"
"1900-01-01,Paris,Shooting,Shooting,""PROBST, Paul"",Men,""50M Army Pistol, Team"",Gold,Switzerland,SUI,8286976.0,80945.0792194742,summer,1.13,4.0,1.88,2.25,1.75,6.75,2.38,1.38,58.0,0.88,2.5,24.875"
"1900-01-01,Paris,Shooting,Shooting,""RICHARDET, Louis-Marc"",Men,""50M Army Pistol, Team"",Gold,Switzerland,SUI,8286976.0,80945.0792194742,summer,1.13,4.0,1.88,2.25,1.75,6.75,2.38,1.38,58.0,0.88,2.5,24.875"
"1900-01-01,Paris,Shooting,Shooting,""RÖDERER, Karl Konrad"",Men,""50M Army Pistol, Team"",Gold,Switzerland,SUI,8286976.0,80945.0792194742,summer,1.13,4.0,1.88,2.25,1.75,6.75,2.38,1.38,58.0,0.88,2.5,24.875"
"1900-01-01,Paris,Shooting,Shooting,""STÄHELI, Konrad"",Men,""50M Army Pistol, Team"",Gold,Switzerland,SUI,8286976.0,80945.0792194742,summer,1.13,4.0,1.88,2.25,1.75,6.75,2.38,1.38,58.0,0.88,2.5,24.875"
"1900-01-01,Paris,Shooting,Shooting,""DUFFOY, Louis"",Men,""50M Army Pistol, Team"",Silver,France,FRA,66808385.0,36205.5681017036,summer,1.13,4.0,1.88,2.25,1.75,6.75,2.38,1.38,58.0,0.88,2.5,24.875"
"1900-01-01,Paris,Shooting,Shooting,""LECOQ, Maurice"",Men,""50M Army Pistol, Team"",Silver,France,FRA,66808385.0,36205.5681017036,summer,1.13,4.0,1.88,2.25,1.75,6.75,2.38,1.38,58.0,0.88,2.5,24.875"
"1900-01-01,Paris,Shooting,Shooting,""MOREAUX, Léon"",Men,""50M Army Pistol, Team"",Silver,France,FRA,66808385.0,36205.5681017036,summer,1.13,4.0,1.88,2.25,1.75,6.75,2.38,1.38,58.0,0.88,2.5,24.875"
"1900-01-01,Paris,Shooting,Shooting,""PAROCHE, Achille"",Men,""50M Army Pistol, Team"",Silver,France,FRA,66808385.0,36205.5681017036,summer,1.13,4.0,1.88,2.25,1.75,6.75,2.38,1.38,58.0,0.88,2.5,24.875"
"1900-01-01,Paris,Shooting,Shooting,TRINITE,Men,""50M Army Pistol, Team"",Silver,France,FRA,66808385.0,36205.5681017036,summer,1.13,4.0,1.88,2.25,1.75,6.75,2.38,1.38,58.0,0.88,2.5,24.875"
"1900-01-01,Paris,Shooting,Shooting,""STÄHELI, Konrad"",Men,50M Pistol (60 Shots),Bronze,Switzerland,SUI,8286976.0,80945.0792194742,summer,1.13,4.0,1.88,2.25,1.75,6.75,2.38,1.38,58.0,0.88,2.5,24.875"
"1900-01-01,Paris,Shooting,Shooting,""RÖDERER, Karl Konrad"",Men,50M Pistol (60 Shots),Gold,Switzerland,SUI,8286976.0,80945.0792194742,summer,1.13,4.0,1.88,2.25,1.75,6.75,2.38,1.38,58.0,0.88,2.5,24.875"
